barcode,product_name,retailer_name,suspicious_price,median_price_for_barcode,price_ratio,retailer_count,reason_for_flag
7290019541141,"סבון לניקוי בקבוקים לבנדר 500 מל (₪0.11 ל-1 מ""ר)",Be Pharm,49.5,24.805,450.0,2,Unit/Package Mismatch (Same barcode has 450.0x price variance)
7290019541141,"סבון לניקוי בקבוקים לבנדר 500 מל (₪0.11 ל-1 מ""ר)",Super-Pharm,0.11,24.805,450.0,2,Unit/Package Mismatch (Lowest price for barcode with 450.0x variance)
7290002921516,סופג לחות לשימוש חוזר 450 גר' (₪0.12 ל-),Good Pharm,38.9,19.509999999999998,324.1666666666667,2,Unit/Package Mismatch (Same barcode has 324.2x price variance)
7290002921516,סופג לחות לשימוש חוזר 450 גר' (₪0.12 ל-),Super-Pharm,0.12,19.509999999999998,324.1666666666667,2,Unit/Package Mismatch (Lowest price for barcode with 324.2x variance)
7290012193071,ג'ורדן קיסמי שיניים דקים דו צדדיים מארז זוג (₪0.15 ליחידה),Be Pharm,30.9,15.524999999999999,206.0,2,Unit/Package Mismatch (Same barcode has 206.0x price variance)
7290012193071,ג'ורדן קיסמי שיניים דקים דו צדדיים מארז זוג (₪0.15 ליחידה),Super-Pharm,0.15,15.524999999999999,206.0,2,Unit/Package Mismatch (Lowest price for barcode with 206.0x variance)
7290014775510,ויטמין D-400 כמוסות רכות,Super-Pharm,0.4,41.9,153.75,3,Unit/Package Mismatch (Lowest price for barcode with 153.8x variance)
7290014775510,ויטמין D-400 כמוסות רכות,Good Pharm,41.9,41.9,153.75,3,Unit/Package Mismatch (Same barcode has 153.8x price variance)
7290014775510,ויטמין D-400 כמוסות רכות,Be Pharm,61.5,41.9,153.75,3,Unit/Package Mismatch (Same barcode has 153.8x price variance)
7290019075271,פרוקטו סופט מגבונים היגיינים,Super-Pharm,0.24,34.9,149.58333333333334,3,Unit/Package Mismatch (Lowest price for barcode with 149.6x variance)
7290019075271,פרוקטו סופט מגבונים היגיינים,Good Pharm,34.9,34.9,149.58333333333334,3,Unit/Package Mismatch (Same barcode has 149.6x price variance)
7290019075271,פרוקטו סופט מגבונים היגיינים,Be Pharm,35.9,34.9,149.58333333333334,3,Unit/Package Mismatch (Same barcode has 149.6x price variance)
7290013142917,מולטי ויטמין+Q10 גילאי 50+ אלטמן,Be Pharm,313.0,207.9,134.91379310344828,3,Unit/Package Mismatch (Same barcode has 134.9x price variance)
7290013142917,מולטי ויטמין+Q10 גילאי 50+ אלטמן,Good Pharm,207.9,207.9,134.91379310344828,3,Unit/Package Mismatch (Same barcode has 134.9x price variance)
7290013142917,מולטי ויטמין+Q10 גילאי 50+ אלטמן,Super-Pharm,2.32,207.9,134.91379310344828,3,Unit/Package Mismatch (Lowest price for barcode with 134.9x variance)
7290010318087,אלספה SUPER,Be Pharm,206.0,103.84,122.61904761904762,2,Unit/Package Mismatch (Same barcode has 122.6x price variance)
7290010318087,אלספה SUPER,Super-Pharm,1.68,103.84,122.61904761904762,2,Unit/Package Mismatch (Lowest price for barcode with 122.6x variance)
7290019501688,פרוקטו סופט מגבונים נשטפים באסלה,Be Pharm,40.9,39.9,120.29411764705881,3,Unit/Package Mismatch (Same barcode has 120.3x price variance)
7290019501688,פרוקטו סופט מגבונים נשטפים באסלה,Good Pharm,39.9,39.9,120.29411764705881,3,Unit/Package Mismatch (Same barcode has 120.3x price variance)
7290019501688,פרוקטו סופט מגבונים נשטפים באסלה,Super-Pharm,0.34,39.9,120.29411764705881,3,Unit/Package Mismatch (Lowest price for barcode with 120.3x variance)
7610458017517,עץ מיקרו 1751 (₪0.39 ליחידה),Super-Pharm,0.39,20.145,102.3076923076923,2,Unit/Package Mismatch (Lowest price for barcode with 102.3x variance)
7610458017500,קיסמי עץ 1750 (₪0.39 ליחידה),Be Pharm,39.9,20.145,102.3076923076923,2,Unit/Package Mismatch (Same barcode has 102.3x price variance)
7610458017500,קיסמי עץ 1750 (₪0.39 ליחידה),Super-Pharm,0.39,20.145,102.3076923076923,2,Unit/Package Mismatch (Lowest price for barcode with 102.3x variance)
7610458017517,עץ מיקרו 1751 (₪0.39 ליחידה),Be Pharm,39.9,20.145,102.3076923076923,2,Unit/Package Mismatch (Same barcode has 102.3x price variance)
7610458017555,שיניים פרש סטיק מעץ גודל מדיום בטעם מנטה (₪0.41 ליחידה),Super-Pharm,0.41,20.154999999999998,97.3170731707317,2,Unit/Package Mismatch (Lowest price for barcode with 97.3x variance)
7610458017555,שיניים פרש סטיק מעץ גודל מדיום בטעם מנטה (₪0.41 ליחידה),Be Pharm,39.9,20.154999999999998,97.3170731707317,2,Unit/Package Mismatch (Same barcode has 97.3x price variance)
5029053579986,טישו ממחטות אף 3 שכבות (₪0.20 ליחידה),Good Pharm,16.9,8.549999999999999,84.49999999999999,2,Unit/Package Mismatch (Same barcode has 84.5x price variance)
5029053579986,טישו ממחטות אף 3 שכבות (₪0.20 ליחידה),Super-Pharm,0.2,8.549999999999999,84.49999999999999,2,Unit/Package Mismatch (Lowest price for barcode with 84.5x variance)
7046110063460,ג'ורדן קיסמים שיניים דקים במיוחד דו צדדיים (₪0.18 ליחידה),Be Pharm,15.0,7.59,83.33333333333334,2,Unit/Package Mismatch (Same barcode has 83.3x price variance)
7046110063460,ג'ורדן קיסמים שיניים דקים במיוחד דו צדדיים (₪0.18 ליחידה),Super-Pharm,0.18,7.59,83.33333333333334,2,Unit/Package Mismatch (Lowest price for barcode with 83.3x variance)
7038513909018,ג'ורדן קיסמי שיניים דקים דו צדדיים (₪0.25 ליחידה),Super-Pharm,0.25,10.125,80.0,2,Unit/Package Mismatch (Lowest price for barcode with 80.0x variance)
7038513909018,ג'ורדן קיסמי שיניים דקים דו צדדיים (₪0.25 ליחידה),Be Pharm,20.0,10.125,80.0,2,Unit/Package Mismatch (Same barcode has 80.0x price variance)
7290112005953,POWER טבליות למדיח בניחוח מרענן (₪0.90 ליחידה),Good Pharm,64.9,32.900000000000006,72.11111111111111,2,Unit/Package Mismatch (Same barcode has 72.1x price variance)
7290112005953,POWER טבליות למדיח בניחוח מרענן (₪0.90 ליחידה),Super-Pharm,0.9,32.900000000000006,72.11111111111111,2,Unit/Package Mismatch (Lowest price for barcode with 72.1x variance)
7290014397842,מכשיר חשמלי+ מילוי (₪0.57 ליחידה),Good Pharm,39.9,20.235,70.0,2,Unit/Package Mismatch (Same barcode has 70.0x price variance)
7290014397842,מכשיר חשמלי+ מילוי (₪0.57 ליחידה),Super-Pharm,0.57,20.235,70.0,2,Unit/Package Mismatch (Lowest price for barcode with 70.0x variance)
7290013142450,אלטמן כורכום C3 60 קפליות (₪2.78 ליחידה),Be Pharm,173.0,139.9,62.230215827338135,3,Unit/Package Mismatch (Same barcode has 62.2x price variance)
7290013142450,אלטמן כורכום C3 60 קפליות (₪2.78 ליחידה),Super-Pharm,2.78,139.9,62.230215827338135,3,Unit/Package Mismatch (Lowest price for barcode with 62.2x variance)
7290013142450,אלטמן כורכום C3 60 קפליות (₪2.78 ליחידה),Good Pharm,139.9,139.9,62.230215827338135,3,Unit/Package Mismatch (Same barcode has 62.2x price variance)
7290113560413,צנטרום סילבר- מולטי-ויטמין בתוספת מינרלים לנשים בנות 50 ומעלה לשימוש יום-יומי 60 טבליות (₪2.87 ליחידה),Super-Pharm,2.87,149.9,61.67247386759582,3,Unit/Package Mismatch (Lowest price for barcode with 61.7x variance)
7290113560413,צנטרום סילבר- מולטי-ויטמין בתוספת מינרלים לנשים בנות 50 ומעלה לשימוש יום-יומי 60 טבליות (₪2.87 ליחידה),Be Pharm,177.0,149.9,61.67247386759582,3,Unit/Package Mismatch (Same barcode has 61.7x price variance)
7290113560413,צנטרום סילבר- מולטי-ויטמין בתוספת מינרלים לנשים בנות 50 ומעלה לשימוש יום-יומי 60 טבליות (₪2.87 ליחידה),Good Pharm,149.9,149.9,61.67247386759582,3,Unit/Package Mismatch (Same barcode has 61.7x price variance)
7253340034898,מגה פרוביוטיק גרמזה,Super-Pharm,2.53,77.765,60.474308300395265,2,Unit/Package Mismatch (Lowest price for barcode with 60.5x variance)
7253340034898,מגה פרוביוטיק גרמזה,Be Pharm,153.0,77.765,60.474308300395265,2,Unit/Package Mismatch (Same barcode has 60.5x price variance)
7290113560420,צנטרום סילבר לגילאי 50+,Be Pharm,173.5,124.9,60.45296167247387,3,Unit/Package Mismatch (Same barcode has 60.5x price variance)
7290113560420,צנטרום סילבר לגילאי 50+,Super-Pharm,2.87,124.9,60.45296167247387,3,Unit/Package Mismatch (Lowest price for barcode with 60.5x variance)
7290113560420,צנטרום סילבר לגילאי 50+,Good Pharm,124.9,124.9,60.45296167247387,3,Unit/Package Mismatch (Same barcode has 60.5x price variance)
7290019444183,ויטמין C ליפוזומלי,Super-Pharm,2.1,109.9,59.476190476190474,3,Unit/Package Mismatch (Lowest price for barcode with 59.5x variance)
7290019444183,ויטמין C ליפוזומלי,Good Pharm,109.9,109.9,59.476190476190474,3,Unit/Package Mismatch (Same barcode has 59.5x price variance)
7290019444183,ויטמין C ליפוזומלי,Be Pharm,124.9,109.9,59.476190476190474,3,Unit/Package Mismatch (Same barcode has 59.5x price variance)
9319871001582,GLO קיסמי שיניים עם חוט דנטלי - ידית אקולוגית (₪0.44 ליחידה),Super-Pharm,0.44,12.67,56.590909090909086,2,Unit/Package Mismatch (Lowest price for barcode with 56.6x variance)
9319871001582,GLO קיסמי שיניים עם חוט דנטלי - ידית אקולוגית (₪0.44 ליחידה),Good Pharm,24.9,12.67,56.590909090909086,2,Unit/Package Mismatch (Same barcode has 56.6x price variance)
7290017847665,פוסטביוטיקס כמוסות,Be Pharm,147.2,75.115,48.58085808580858,2,Unit/Package Mismatch (Same barcode has 48.6x price variance)
7290017847665,פוסטביוטיקס כמוסות,Super-Pharm,3.03,75.115,48.58085808580858,2,Unit/Package Mismatch (Lowest price for barcode with 48.6x variance)
7290017847689,פוסטביוטיקס קידס סוכריות מרקם ג'לי,Be Pharm,81.6,41.64,48.57142857142857,2,Unit/Package Mismatch (Same barcode has 48.6x price variance)
7290017847689,פוסטביוטיקס קידס סוכריות מרקם ג'לי,Super-Pharm,1.68,41.64,48.57142857142857,2,Unit/Package Mismatch (Lowest price for barcode with 48.6x variance)
7290016621907,פרוקטו סופט מגבונים,Good Pharm,19.9,9.9,47.38095238095238,3,Unit/Package Mismatch (Same barcode has 47.4x price variance)
7290016621907,פרוקטו סופט מגבונים,Be Pharm,9.9,9.9,47.38095238095238,3,Unit/Package Mismatch (Same barcode has 47.4x price variance)
7290016621907,פרוקטו סופט מגבונים,Super-Pharm,0.42,9.9,47.38095238095238,3,Unit/Package Mismatch (Lowest price for barcode with 47.4x variance)
7290115340167,קפסולות סרום עיניים 70 קפסולות (₪3.60 ליחידה),Super-Pharm,3.6,86.75,47.19444444444444,2,Unit/Package Mismatch (Lowest price for barcode with 47.2x variance)
7290115340167,קפסולות סרום עיניים 70 קפסולות (₪3.60 ליחידה),Good Pharm,169.9,86.75,47.19444444444444,2,Unit/Package Mismatch (Same barcode has 47.2x price variance)
7290017088051,חיתולים מידה 3 5- (₪0.70 ליחידה),Super-Pharm,0.7,32.9,47.0,3,Unit/Package Mismatch (Lowest price for barcode with 47.0x variance)
7290017088051,חיתולים מידה 3 5- (₪0.70 ליחידה),Be Pharm,32.9,32.9,47.0,3,Unit/Package Mismatch (Same barcode has 47.0x price variance)
7290017088051,חיתולים מידה 3 5- (₪0.70 ליחידה),Good Pharm,32.9,32.9,47.0,3,Unit/Package Mismatch (Same barcode has 47.0x price variance)
7290016437454,דיפנד תחתונים סופגים לבריחת שתן גברים S/M,Good Pharm,68.9,68.9,42.45,3,Unit/Package Mismatch (Same barcode has 42.5x price variance)
7290016437430,דיפנד תחתון סופג לאישה XL,Super-Pharm,2.0,68.9,42.45,3,Unit/Package Mismatch (Lowest price for barcode with 42.5x variance)
7290016437430,דיפנד תחתון סופג לאישה XL,Good Pharm,68.9,68.9,42.45,3,Unit/Package Mismatch (Same barcode has 42.5x price variance)
7290016437430,דיפנד תחתון סופג לאישה XL,Be Pharm,84.9,68.9,42.45,3,Unit/Package Mismatch (Same barcode has 42.5x price variance)
7290016437423,דיפנד תחתונים סופגים לבריחת שתן L גזרה גבוהה לנשים 44-48,Super-Pharm,2.0,68.9,42.45,3,Unit/Package Mismatch (Lowest price for barcode with 42.5x variance)
7290016437423,דיפנד תחתונים סופגים לבריחת שתן L גזרה גבוהה לנשים 44-48,Good Pharm,68.9,68.9,42.45,3,Unit/Package Mismatch (Same barcode has 42.5x price variance)
7290111342707,תחתון סופג ללילה גזרה גבוהה L גברים,Be Pharm,84.9,68.9,42.45,3,Unit/Package Mismatch (Same barcode has 42.5x price variance)
7290016437423,דיפנד תחתונים סופגים לבריחת שתן L גזרה גבוהה לנשים 44-48,Be Pharm,84.9,68.9,42.45,3,Unit/Package Mismatch (Same barcode has 42.5x price variance)
7290016437416,דיפנד תחתונים סופגים לבריחת שתן נשים S/M,Super-Pharm,2.0,68.9,42.45,3,Unit/Package Mismatch (Lowest price for barcode with 42.5x variance)
7290016437416,דיפנד תחתונים סופגים לבריחת שתן נשים S/M,Good Pharm,68.9,68.9,42.45,3,Unit/Package Mismatch (Same barcode has 42.5x price variance)
7290016437416,דיפנד תחתונים סופגים לבריחת שתן נשים S/M,Be Pharm,84.9,68.9,42.45,3,Unit/Package Mismatch (Same barcode has 42.5x price variance)
7290111342141,תחתון סופג ללילה גזרה גבוהה M גברים,Be Pharm,84.9,68.9,42.45,3,Unit/Package Mismatch (Same barcode has 42.5x price variance)
7290111342141,תחתון סופג ללילה גזרה גבוהה M גברים,Good Pharm,68.9,68.9,42.45,3,Unit/Package Mismatch (Same barcode has 42.5x price variance)
7290016437454,דיפנד תחתונים סופגים לבריחת שתן גברים S/M,Be Pharm,84.9,68.9,42.45,3,Unit/Package Mismatch (Same barcode has 42.5x price variance)
7290016437461,דיפנד תחתונים סופגים לבריחת שתן גברים XL/L,Good Pharm,68.9,68.9,42.45,3,Unit/Package Mismatch (Same barcode has 42.5x price variance)
7290016437454,דיפנד תחתונים סופגים לבריחת שתן גברים S/M,Super-Pharm,2.0,68.9,42.45,3,Unit/Package Mismatch (Lowest price for barcode with 42.5x variance)
7290016437461,דיפנד תחתונים סופגים לבריחת שתן גברים XL/L,Be Pharm,84.9,68.9,42.45,3,Unit/Package Mismatch (Same barcode has 42.5x price variance)
7290016437461,דיפנד תחתונים סופגים לבריחת שתן גברים XL/L,Super-Pharm,2.0,68.9,42.45,3,Unit/Package Mismatch (Lowest price for barcode with 42.5x variance)
7290111342707,תחתון סופג ללילה גזרה גבוהה L גברים,Good Pharm,68.9,68.9,42.45,3,Unit/Package Mismatch (Same barcode has 42.5x price variance)
7290111342707,תחתון סופג ללילה גזרה גבוהה L גברים,Super-Pharm,2.0,68.9,42.45,3,Unit/Package Mismatch (Lowest price for barcode with 42.5x variance)
7290111342097,תחתון סופג ללילה גזרה גבוהה M נשים,Be Pharm,84.9,43.45,42.45,2,Unit/Package Mismatch (Same barcode has 42.5x price variance)
7290111342097,תחתון סופג ללילה גזרה גבוהה M נשים,Super-Pharm,2.0,43.45,42.45,2,Unit/Package Mismatch (Lowest price for barcode with 42.5x variance)
7290111342110,תחתון סופג ללילה גזרה גבוהה L נשים,Be Pharm,84.9,43.45,42.45,2,Unit/Package Mismatch (Same barcode has 42.5x price variance)
7290111342110,תחתון סופג ללילה גזרה גבוהה L נשים,Super-Pharm,2.0,43.45,42.45,2,Unit/Package Mismatch (Lowest price for barcode with 42.5x variance)
7290111342127,תחתון סופג ללילה גזרה גבוהה XL נשים,Super-Pharm,2.0,68.9,42.45,3,Unit/Package Mismatch (Lowest price for barcode with 42.5x variance)
7290111342127,תחתון סופג ללילה גזרה גבוהה XL נשים,Good Pharm,68.9,68.9,42.45,3,Unit/Package Mismatch (Same barcode has 42.5x price variance)
7290111342127,תחתון סופג ללילה גזרה גבוהה XL נשים,Be Pharm,84.9,68.9,42.45,3,Unit/Package Mismatch (Same barcode has 42.5x price variance)
7290111342141,תחתון סופג ללילה גזרה גבוהה M גברים,Super-Pharm,2.0,68.9,42.45,3,Unit/Package Mismatch (Lowest price for barcode with 42.5x variance)
7290109924137,יעקבי אסטוניש קפסולות לניקוי כלים במדיח 42 יח' (₪1.31 ליחידה),Good Pharm,54.9,28.105,41.908396946564885,2,Unit/Package Mismatch (Same barcode has 41.9x price variance)
7290109924137,יעקבי אסטוניש קפסולות לניקוי כלים במדיח 42 יח' (₪1.31 ליחידה),Super-Pharm,1.31,28.105,41.908396946564885,2,Unit/Package Mismatch (Lowest price for barcode with 41.9x variance)
8700216350433,אקטיב בייבי דריי חיתולים בייבי דריי מידה 2 4- (₪1 ליחידה),Super-Pharm,1.0,21.45,41.9,2,Unit/Package Mismatch (Lowest price for barcode with 41.9x variance)
8700216350433,אקטיב בייבי דריי חיתולים בייבי דריי מידה 2 4- (₪1 ליחידה),Be Pharm,41.9,21.45,41.9,2,Unit/Package Mismatch (Same barcode has 41.9x price variance)
7290000197425,פרידום דריי חיתולים מידה 3 6- (₪1.06 ליחידה),Super-Pharm,1.06,22.48,41.41509433962264,2,Unit/Package Mismatch (Lowest price for barcode with 41.4x variance)
7290000197425,פרידום דריי חיתולים מידה 3 6- (₪1.06 ליחידה),Good Pharm,43.9,22.48,41.41509433962264,2,Unit/Package Mismatch (Same barcode has 41.4x price variance)
8006540711521,בייבי דריי פנטס מכנסונים מידה 4 9- (₪1.50 ליחידה),Super-Pharm,1.5,31.7,41.266666666666666,2,Unit/Package Mismatch (Lowest price for barcode with 41.3x variance)
8006540711521,בייבי דריי פנטס מכנסונים מידה 4 9- (₪1.50 ליחידה),Be Pharm,61.9,31.7,41.266666666666666,2,Unit/Package Mismatch (Same barcode has 41.3x price variance)
7290112001733,שעווה מוכנות לשימוש לעור רגיל (₪2.27 ליחידה),Be Pharm,92.9,49.9,40.92511013215859,3,Unit/Package Mismatch (Same barcode has 40.9x price variance)
7290112001733,שעווה מוכנות לשימוש לעור רגיל (₪2.27 ליחידה),Super-Pharm,2.27,49.9,40.92511013215859,3,Unit/Package Mismatch (Lowest price for barcode with 40.9x variance)
7290112001733,שעווה מוכנות לשימוש לעור רגיל (₪2.27 ליחידה),Good Pharm,49.9,49.9,40.92511013215859,3,Unit/Package Mismatch (Same barcode has 40.9x price variance)
7290019404019,STORY טופ קוט ללא נטרול שקוף מבריק,Good Pharm,39.9,20.45,39.9,2,Unit/Package Mismatch (Same barcode has 39.9x price variance)
7290019404019,STORY טופ קוט ללא נטרול שקוף מבריק,Super-Pharm,1.0,20.45,39.9,2,Unit/Package Mismatch (Lowest price for barcode with 39.9x variance)
7290019404026,STORY בייס קוט שקוף,Good Pharm,39.9,20.45,39.9,2,Unit/Package Mismatch (Same barcode has 39.9x price variance)
7290019404033,STORY פריימר,Good Pharm,39.9,20.45,39.9,2,Unit/Package Mismatch (Same barcode has 39.9x price variance)
7290019404033,STORY פריימר,Super-Pharm,1.0,20.45,39.9,2,Unit/Package Mismatch (Lowest price for barcode with 39.9x variance)
7290019440499,STORY לק ג'ל - Night Queen שחור,Good Pharm,39.9,20.45,39.9,2,Unit/Package Mismatch (Same barcode has 39.9x price variance)
7290019440499,STORY לק ג'ל - Night Queen שחור,Super-Pharm,1.0,20.45,39.9,2,Unit/Package Mismatch (Lowest price for barcode with 39.9x variance)
7290019404026,STORY בייס קוט שקוף,Super-Pharm,1.0,20.45,39.9,2,Unit/Package Mismatch (Lowest price for barcode with 39.9x variance)
7290117388082,רפידות הנקה חד פעמיות גודל SIZE M (₪0.60 ליחידה),Super-Pharm,0.6,12.25,39.833333333333336,2,Unit/Package Mismatch (Lowest price for barcode with 39.8x variance)
7290117388082,רפידות הנקה חד פעמיות גודל SIZE M (₪0.60 ליחידה),Good Pharm,23.9,12.25,39.833333333333336,2,Unit/Package Mismatch (Same barcode has 39.8x price variance)
7298074502756,לשפתיים יבשות וסדוקות בטעם מנטה (₪397.65 ל-),Super-Pharm,397.65,203.825,39.765,2,Unit/Package Mismatch (Same barcode has 39.8x price variance)
7298074502756,לשפתיים יבשות וסדוקות בטעם מנטה (₪397.65 ל-),Good Pharm,10.0,203.825,39.765,2,Unit/Package Mismatch (Lowest price for barcode with 39.8x variance)
7290005124686,לשפתיים יבשות וסדוקות בטעם תות (₪397.65 ל-),Good Pharm,10.0,203.825,39.765,2,Unit/Package Mismatch (Lowest price for barcode with 39.8x variance)
7290005124686,לשפתיים יבשות וסדוקות בטעם תות (₪397.65 ל-),Super-Pharm,397.65,203.825,39.765,2,Unit/Package Mismatch (Same barcode has 39.8x price variance)
7290017088068,חיתולים מידה 4 8- (₪0.83 ליחידה),Good Pharm,32.9,32.9,39.63855421686747,3,Unit/Package Mismatch (Same barcode has 39.6x price variance)
7290017088068,חיתולים מידה 4 8- (₪0.83 ליחידה),Super-Pharm,0.83,32.9,39.63855421686747,3,Unit/Package Mismatch (Lowest price for barcode with 39.6x variance)
7290017088068,חיתולים מידה 4 8- (₪0.83 ליחידה),Be Pharm,32.9,32.9,39.63855421686747,3,Unit/Package Mismatch (Same barcode has 39.6x price variance)
7290000205762,אקסטרה קר חיתולים מידה 3 6- (₪1.42 ליחידה),Good Pharm,54.9,28.16,38.66197183098592,2,Unit/Package Mismatch (Same barcode has 38.7x price variance)
7290000205762,אקסטרה קר חיתולים מידה 3 6- (₪1.42 ליחידה),Super-Pharm,1.42,28.16,38.66197183098592,2,Unit/Package Mismatch (Lowest price for barcode with 38.7x variance)
7290017088969,חיתולים NB מידה 1 2- (₪0.71 ליחידה),Super-Pharm,0.71,26.9,37.88732394366197,3,Unit/Package Mismatch (Lowest price for barcode with 37.9x variance)
7290017088969,חיתולים NB מידה 1 2- (₪0.71 ליחידה),Good Pharm,26.9,26.9,37.88732394366197,3,Unit/Package Mismatch (Same barcode has 37.9x price variance)
7290017088969,חיתולים NB מידה 1 2- (₪0.71 ליחידה),Be Pharm,26.9,26.9,37.88732394366197,3,Unit/Package Mismatch (Same barcode has 37.9x price variance)
7290017088075,חיתולים מידה +4 10- (₪0.87 ליחידה),Super-Pharm,0.87,32.9,37.81609195402299,3,Unit/Package Mismatch (Lowest price for barcode with 37.8x variance)
7290017088075,חיתולים מידה +4 10- (₪0.87 ליחידה),Good Pharm,32.9,32.9,37.81609195402299,3,Unit/Package Mismatch (Same barcode has 37.8x price variance)
7290017088075,חיתולים מידה +4 10- (₪0.87 ליחידה),Be Pharm,32.9,32.9,37.81609195402299,3,Unit/Package Mismatch (Same barcode has 37.8x price variance)
8901138509231,מזין מרגיע (₪375.56 ל-),Super-Pharm,375.56,192.78,37.556,2,Unit/Package Mismatch (Same barcode has 37.6x price variance)
8901138509231,מזין מרגיע (₪375.56 ל-),Good Pharm,10.0,192.78,37.556,2,Unit/Package Mismatch (Lowest price for barcode with 37.6x variance)
8700216350358,אקטיב בייבי דריי חיתולים בייבי דריי מידה 1 2- (₪1.16 ליחידה),Super-Pharm,1.16,21.529999999999998,36.12068965517241,2,Unit/Package Mismatch (Lowest price for barcode with 36.1x variance)
8700216350358,אקטיב בייבי דריי חיתולים בייבי דריי מידה 1 2- (₪1.16 ליחידה),Be Pharm,41.9,21.529999999999998,36.12068965517241,2,Unit/Package Mismatch (Same barcode has 36.1x price variance)
7290014059184,לניקוי שיניים תותבות 36 טבליות (₪1 ליחידה),Be Pharm,35.9,33.9,35.9,3,Unit/Package Mismatch (Same barcode has 35.9x price variance)
7290014059184,לניקוי שיניים תותבות 36 טבליות (₪1 ליחידה),Good Pharm,33.9,33.9,35.9,3,Unit/Package Mismatch (Same barcode has 35.9x price variance)
7290014059184,לניקוי שיניים תותבות 36 טבליות (₪1 ליחידה),Super-Pharm,1.0,33.9,35.9,3,Unit/Package Mismatch (Lowest price for barcode with 35.9x variance)
7046110052686,ג'ורדן חוט דנטלי מנטה יומי 50 מטר (₪0.28 ל-1 מטר),Be Pharm,10.0,5.14,35.71428571428571,2,Unit/Package Mismatch (Same barcode has 35.7x price variance)
7046110052686,ג'ורדן חוט דנטלי מנטה יומי 50 מטר (₪0.28 ל-1 מטר),Super-Pharm,0.28,5.14,35.71428571428571,2,Unit/Package Mismatch (Lowest price for barcode with 35.7x variance)
7290016437621,פנטס תחתוני חיתולים מידה 4 9- (₪1.41 ליחידה),Super-Pharm,1.41,25.854999999999997,35.673758865248224,2,Unit/Package Mismatch (Lowest price for barcode with 35.7x variance)
7290016437621,פנטס תחתוני חיתולים מידה 4 9- (₪1.41 ליחידה),Be Pharm,50.3,25.854999999999997,35.673758865248224,2,Unit/Package Mismatch (Same barcode has 35.7x price variance)
7290000191225,אקסטרה קר חיתולים מידה 2 לרך הנולד 5- (₪0.93 ליחידה),Good Pharm,32.9,16.915,35.376344086021504,2,Unit/Package Mismatch (Same barcode has 35.4x price variance)
7290000191225,אקסטרה קר חיתולים מידה 2 לרך הנולד 5- (₪0.93 ליחידה),Super-Pharm,0.93,16.915,35.376344086021504,2,Unit/Package Mismatch (Lowest price for barcode with 35.4x variance)
8700216596701,בייבי דריי פנטס מכנסונים מידה 5 11- (₪1.70 ליחידה),Super-Pharm,1.7,30.8,35.23529411764706,2,Unit/Package Mismatch (Lowest price for barcode with 35.2x variance)
8700216596701,בייבי דריי פנטס מכנסונים מידה 5 11- (₪1.70 ליחידה),Good Pharm,59.9,30.8,35.23529411764706,2,Unit/Package Mismatch (Same barcode has 35.2x price variance)
7290000194141,שקמה מכנסונים סופגים לילה סופר נייט מידה 46-52 XL,Good Pharm,69.9,35.95,34.95,2,Unit/Package Mismatch (Same barcode has 35.0x price variance)
7290000194905,שקמה מכנסונים סופגים לילה סופר נייט מידה 38-40 M,Super-Pharm,2.0,35.95,34.95,2,Unit/Package Mismatch (Lowest price for barcode with 35.0x variance)
7290000194905,שקמה מכנסונים סופגים לילה סופר נייט מידה 38-40 M,Good Pharm,69.9,35.95,34.95,2,Unit/Package Mismatch (Same barcode has 35.0x price variance)
7290000194141,שקמה מכנסונים סופגים לילה סופר נייט מידה 46-52 XL,Super-Pharm,2.0,35.95,34.95,2,Unit/Package Mismatch (Lowest price for barcode with 35.0x variance)
7290000205915,אקסטרה קר חיתולים מידה 4 8- 36 חיתולים (₪1.58 ליחידה),Good Pharm,54.9,28.24,34.74683544303797,2,Unit/Package Mismatch (Same barcode has 34.7x price variance)
7290000205915,אקסטרה קר חיתולים מידה 4 8- 36 חיתולים (₪1.58 ליחידה),Super-Pharm,1.58,28.24,34.74683544303797,2,Unit/Package Mismatch (Lowest price for barcode with 34.7x variance)
8017331060070,מברשת לרווחים רגילים (₪0.72 ליחידה),Good Pharm,24.9,12.809999999999999,34.583333333333336,2,Unit/Package Mismatch (Same barcode has 34.6x price variance)
8017331058329,מברשת לרווחים צרים (₪0.72 ליחידה),Good Pharm,24.9,12.809999999999999,34.583333333333336,2,Unit/Package Mismatch (Same barcode has 34.6x price variance)
8017331058329,מברשת לרווחים צרים (₪0.72 ליחידה),Super-Pharm,0.72,12.809999999999999,34.583333333333336,2,Unit/Package Mismatch (Lowest price for barcode with 34.6x variance)
8017331085424,מברשת לרווחים גדולים (₪0.72 ליחידה),Super-Pharm,0.72,12.809999999999999,34.583333333333336,2,Unit/Package Mismatch (Lowest price for barcode with 34.6x variance)
8017331085424,מברשת לרווחים גדולים (₪0.72 ליחידה),Good Pharm,24.9,12.809999999999999,34.583333333333336,2,Unit/Package Mismatch (Same barcode has 34.6x price variance)
8017331060070,מברשת לרווחים רגילים (₪0.72 ליחידה),Super-Pharm,0.72,12.809999999999999,34.583333333333336,2,Unit/Package Mismatch (Lowest price for barcode with 34.6x variance)
7350075691409,HUMBLE קיסמי שיניים חוט דנטלי כפול עם ידית - פחם (₪0.44 ליחידה),Super-Pharm,0.44,14.9,34.54545454545455,3,Unit/Package Mismatch (Lowest price for barcode with 34.5x variance)
7350075691409,HUMBLE קיסמי שיניים חוט דנטלי כפול עם ידית - פחם (₪0.44 ליחידה),Good Pharm,14.9,14.9,34.54545454545455,3,Unit/Package Mismatch (Same barcode has 34.5x price variance)
7350075691409,HUMBLE קיסמי שיניים חוט דנטלי כפול עם ידית - פחם (₪0.44 ליחידה),Be Pharm,15.2,14.9,34.54545454545455,3,Unit/Package Mismatch (Same barcode has 34.5x price variance)
7350075691393,HUMBLE קיסמי שיניים חוט דנטלי כפול עם ידית - תירס (₪0.44 ליחידה),Be Pharm,15.2,14.9,34.54545454545455,3,Unit/Package Mismatch (Same barcode has 34.5x price variance)
7350075691393,HUMBLE קיסמי שיניים חוט דנטלי כפול עם ידית - תירס (₪0.44 ליחידה),Good Pharm,14.9,14.9,34.54545454545455,3,Unit/Package Mismatch (Same barcode has 34.5x price variance)
7350075691393,HUMBLE קיסמי שיניים חוט דנטלי כפול עם ידית - תירס (₪0.44 ליחידה),Super-Pharm,0.44,14.9,34.54545454545455,3,Unit/Package Mismatch (Lowest price for barcode with 34.5x variance)
8700216350402,אקטיב בייבי דריי חיתולים בייבי דריי מידה 3 6- (₪1.23 ליחידה),Be Pharm,41.9,21.564999999999998,34.0650406504065,2,Unit/Package Mismatch (Same barcode has 34.1x price variance)
8700216350402,אקטיב בייבי דריי חיתולים בייבי דריי מידה 3 6- (₪1.23 ליחידה),Super-Pharm,1.23,21.564999999999998,34.0650406504065,2,Unit/Package Mismatch (Lowest price for barcode with 34.1x variance)
7290017088983,חיתולים NB מידה 2 3- (₪0.79 ליחידה),Good Pharm,26.9,26.9,34.0506329113924,3,Unit/Package Mismatch (Same barcode has 34.1x price variance)
7290017088983,חיתולים NB מידה 2 3- (₪0.79 ליחידה),Super-Pharm,0.79,26.9,34.0506329113924,3,Unit/Package Mismatch (Lowest price for barcode with 34.1x variance)
7290017088983,חיתולים NB מידה 2 3- (₪0.79 ליחידה),Be Pharm,26.9,26.9,34.0506329113924,3,Unit/Package Mismatch (Same barcode has 34.1x price variance)
7290000197456,פרידום דריי חיתולים מידה 4 8- (₪1.29 ליחידה),Super-Pharm,1.29,22.595,34.031007751937985,2,Unit/Package Mismatch (Lowest price for barcode with 34.0x variance)
7290000197456,פרידום דריי חיתולים מידה 4 8- (₪1.29 ליחידה),Good Pharm,43.9,22.595,34.031007751937985,2,Unit/Package Mismatch (Same barcode has 34.0x price variance)
7290017088082,חיתולים מידה 5 12- (₪0.97 ליחידה),Be Pharm,32.9,32.9,33.91752577319588,3,Unit/Package Mismatch (Same barcode has 33.9x price variance)
7290017088082,חיתולים מידה 5 12- (₪0.97 ליחידה),Super-Pharm,0.97,32.9,33.91752577319588,3,Unit/Package Mismatch (Lowest price for barcode with 33.9x variance)
7290000263359,אקסטרה קר חיתולים מידה 1 לרך הנולד עד (₪0.97 ליחידה),Good Pharm,32.9,16.935,33.91752577319588,2,Unit/Package Mismatch (Same barcode has 33.9x price variance)
7290000263359,אקסטרה קר חיתולים מידה 1 לרך הנולד עד (₪0.97 ליחידה),Super-Pharm,0.97,16.935,33.91752577319588,2,Unit/Package Mismatch (Lowest price for barcode with 33.9x variance)
7290017088082,חיתולים מידה 5 12- (₪0.97 ליחידה),Good Pharm,32.9,32.9,33.91752577319588,3,Unit/Package Mismatch (Same barcode has 33.9x price variance)
7296168020216,רצועות להסרת שיער בשעווה (₪0.30 ליחידה),Super-Pharm,0.3,5.15,33.333333333333336,2,Unit/Package Mismatch (Lowest price for barcode with 33.3x variance)
7296168020216,רצועות להסרת שיער בשעווה (₪0.30 ליחידה),Good Pharm,10.0,5.15,33.333333333333336,2,Unit/Package Mismatch (Same barcode has 33.3x price variance)
7290112006004,שעווה מוכנות לשימוש לפנים לעור רגיש (₪2.02 ליחידה),Good Pharm,49.9,49.9,32.87128712871287,3,Unit/Package Mismatch (Same barcode has 32.9x price variance)
7290112006004,שעווה מוכנות לשימוש לפנים לעור רגיש (₪2.02 ליחידה),Super-Pharm,2.02,49.9,32.87128712871287,3,Unit/Package Mismatch (Lowest price for barcode with 32.9x variance)
7290112006004,שעווה מוכנות לשימוש לפנים לעור רגיש (₪2.02 ליחידה),Be Pharm,66.4,49.9,32.87128712871287,3,Unit/Package Mismatch (Same barcode has 32.9x price variance)
7290000197463,פרידום דריי חיתולים מידה 4+ 10- (₪1.36 ליחידה),Super-Pharm,1.36,22.63,32.27941176470588,2,Unit/Package Mismatch (Lowest price for barcode with 32.3x variance)
7290000197463,פרידום דריי חיתולים מידה 4+ 10- (₪1.36 ליחידה),Good Pharm,43.9,22.63,32.27941176470588,2,Unit/Package Mismatch (Same barcode has 32.3x price variance)
7290017088099,"חיתולים מידה 6 16+ ק""ג (₪1.03 ליחידה)",Good Pharm,32.9,32.9,31.941747572815533,3,Unit/Package Mismatch (Same barcode has 31.9x price variance)
7290017088099,"חיתולים מידה 6 16+ ק""ג (₪1.03 ליחידה)",Super-Pharm,1.03,32.9,31.941747572815533,3,Unit/Package Mismatch (Lowest price for barcode with 31.9x variance)
7290017088099,"חיתולים מידה 6 16+ ק""ג (₪1.03 ליחידה)",Be Pharm,32.9,32.9,31.941747572815533,3,Unit/Package Mismatch (Same barcode has 31.9x price variance)
7290016437645,פנטס תחתוני חיתולים מידה 5 12- (₪1.59 ליחידה),Be Pharm,50.3,25.945,31.63522012578616,2,Unit/Package Mismatch (Same barcode has 31.6x price variance)
7290016437645,פנטס תחתוני חיתולים מידה 5 12- (₪1.59 ליחידה),Super-Pharm,1.59,25.945,31.63522012578616,2,Unit/Package Mismatch (Lowest price for barcode with 31.6x variance)
7290111344503,אקסטרה קר חיתולים מידה +4 10- (₪1.78 ליחידה),Super-Pharm,1.78,54.9,30.84269662921348,3,Unit/Package Mismatch (Lowest price for barcode with 30.8x variance)
7290111344503,אקסטרה קר חיתולים מידה +4 10- (₪1.78 ליחידה),Good Pharm,54.9,54.9,30.84269662921348,3,Unit/Package Mismatch (Same barcode has 30.8x price variance)
7290111344503,אקסטרה קר חיתולים מידה +4 10- (₪1.78 ליחידה),Be Pharm,54.9,54.9,30.84269662921348,3,Unit/Package Mismatch (Same barcode has 30.8x price variance)
662834502817,מגבונים לניקוי עדשות (‫₪0.67 ליחידה‬),Super-Pharm,0.67,19.9,30.597014925373134,3,Unit/Package Mismatch (Lowest price for barcode with 30.6x variance)
662834502817,מגבונים לניקוי עדשות (‫₪0.67 ליחידה‬),Good Pharm,19.9,19.9,30.597014925373134,3,Unit/Package Mismatch (Same barcode has 30.6x price variance)
662834502817,מגבונים לניקוי עדשות (‫₪0.67 ליחידה‬),Be Pharm,20.5,19.9,30.597014925373134,3,Unit/Package Mismatch (Same barcode has 30.6x price variance)
8700216891080,פרימיום חיתולים מידה 1 (₪1.11 ליחידה),Be Pharm,33.9,33.9,30.540540540540537,3,Unit/Package Mismatch (Same barcode has 30.5x price variance)
8700216891080,פרימיום חיתולים מידה 1 (₪1.11 ליחידה),Good Pharm,33.9,33.9,30.540540540540537,3,Unit/Package Mismatch (Same barcode has 30.5x price variance)
8700216891080,פרימיום חיתולים מידה 1 (₪1.11 ליחידה),Super-Pharm,1.11,33.9,30.540540540540537,3,Unit/Package Mismatch (Lowest price for barcode with 30.5x variance)
7290000191645,אקסטרה קר חיתולים מידה ניו בורן NB לרך הנולד עד (₪1.08 ליחידה),Super-Pharm,1.08,16.99,30.46296296296296,2,Unit/Package Mismatch (Lowest price for barcode with 30.5x variance)
7290000191645,אקסטרה קר חיתולים מידה ניו בורן NB לרך הנולד עד (₪1.08 ליחידה),Good Pharm,32.9,16.99,30.46296296296296,2,Unit/Package Mismatch (Same barcode has 30.5x price variance)
8700216596596,בייבי דריי פנטס מכנסונים מידה 6 13- (₪1.97 ליחידה),Super-Pharm,1.97,30.935,30.406091370558375,2,Unit/Package Mismatch (Lowest price for barcode with 30.4x variance)
8700216596596,בייבי דריי פנטס מכנסונים מידה 6 13- (₪1.97 ליחידה),Good Pharm,59.9,30.935,30.406091370558375,2,Unit/Package Mismatch (Same barcode has 30.4x price variance)
8700216363228,אקטיב בייבי דריי חיתולים בייבי דריי מידה 4 9- (₪1.38 ליחידה),Super-Pharm,1.38,21.64,30.36231884057971,2,Unit/Package Mismatch (Lowest price for barcode with 30.4x variance)
8700216363228,אקטיב בייבי דריי חיתולים בייבי דריי מידה 4 9- (₪1.38 ליחידה),Be Pharm,41.9,21.64,30.36231884057971,2,Unit/Package Mismatch (Same barcode has 30.4x price variance)
7290018104941,פלסטר נקסקר בקופסת פח,Be Pharm,30.9,15.965,29.999999999999996,2,Unit/Package Mismatch (Same barcode has 30.0x price variance)
7290018104941,פלסטר נקסקר בקופסת פח,Super-Pharm,1.03,15.965,29.999999999999996,2,Unit/Package Mismatch (Lowest price for barcode with 30.0x variance)
4054596758742,נקסקר אקטיב מעורב,Good Pharm,32.9,32.9,29.916666666666668,3,Unit/Package Mismatch (Same barcode has 29.9x price variance)
4054596758742,נקסקר אקטיב מעורב,Be Pharm,35.9,32.9,29.916666666666668,3,Unit/Package Mismatch (Same barcode has 29.9x price variance)
4054596745780,נקסקר אקטיב אחיד,Super-Pharm,1.2,32.9,29.916666666666668,3,Unit/Package Mismatch (Lowest price for barcode with 29.9x variance)
4054596745780,נקסקר אקטיב אחיד,Good Pharm,32.9,32.9,29.916666666666668,3,Unit/Package Mismatch (Same barcode has 29.9x price variance)
4054596745780,נקסקר אקטיב אחיד,Be Pharm,35.9,32.9,29.916666666666668,3,Unit/Package Mismatch (Same barcode has 29.9x price variance)
4054596758742,נקסקר אקטיב מעורב,Super-Pharm,1.2,32.9,29.916666666666668,3,Unit/Package Mismatch (Lowest price for barcode with 29.9x variance)
6291103652416,נקסקר סופטנפלקס אחיד,Super-Pharm,1.2,29.9,29.916666666666668,3,Unit/Package Mismatch (Lowest price for barcode with 29.9x variance)
6291103652416,נקסקר סופטנפלקס אחיד,Good Pharm,29.9,29.9,29.916666666666668,3,Unit/Package Mismatch (Same barcode has 29.9x price variance)
6291103652416,נקסקר סופטנפלקס אחיד,Be Pharm,35.9,29.9,29.916666666666668,3,Unit/Package Mismatch (Same barcode has 29.9x price variance)
7290000292557,סנו מט מילוי45לילות (₪0.57 ל-),Super-Pharm,0.57,8.735,29.649122807017545,2,Unit/Package Mismatch (Lowest price for barcode with 29.6x variance)
7290000292557,סנו מט מילוי45לילות (₪0.57 ל-),Good Pharm,16.9,8.735,29.649122807017545,2,Unit/Package Mismatch (Same barcode has 29.6x price variance)
4005900982568,לחות SPF50 להגנה מפני השמש (₪352.08 ל-),Super-Pharm,352.08,181.98999999999998,29.586554621848737,2,Unit/Package Mismatch (Same barcode has 29.6x price variance)
4005808366392,לחות כחול קלאסי באריזה סגורה (₪352.08 ל-),Super-Pharm,352.08,181.98999999999998,29.586554621848737,2,Unit/Package Mismatch (Same barcode has 29.6x price variance)
4005808366392,לחות כחול קלאסי באריזה סגורה (₪352.08 ל-),Good Pharm,11.9,181.98999999999998,29.586554621848737,2,Unit/Package Mismatch (Lowest price for barcode with 29.6x variance)
4005900982568,לחות SPF50 להגנה מפני השמש (₪352.08 ל-),Good Pharm,11.9,181.98999999999998,29.586554621848737,2,Unit/Package Mismatch (Lowest price for barcode with 29.6x variance)
4005808368280,לחות לשפתיים בטעם דובדבן (₪352.08 ל-),Good Pharm,11.9,181.98999999999998,29.586554621848737,2,Unit/Package Mismatch (Lowest price for barcode with 29.6x variance)
4005808502004,לחות רוז ורוד בליסטר (₪352.08 ל-),Kolbo Yehuda,12.9,12.9,29.586554621848737,3,Unit/Package Mismatch (Same barcode has 29.6x price variance)
7290013133816,לחות לגבר בודד (₪352.08 ל-),Kolbo Yehuda,12.9,12.9,29.586554621848737,3,Unit/Package Mismatch (Same barcode has 29.6x price variance)
4005900683908,לחות סקראב לשפתיים רוז היפ (₪352.08 ל-),Super-Pharm,352.08,181.98999999999998,29.586554621848737,2,Unit/Package Mismatch (Same barcode has 29.6x price variance)
4005900683908,לחות סקראב לשפתיים רוז היפ (₪352.08 ל-),Good Pharm,11.9,181.98999999999998,29.586554621848737,2,Unit/Package Mismatch (Lowest price for barcode with 29.6x variance)
4005900683878,לחות סקראב לשפתיים אלוורה (₪352.08 ל-),Super-Pharm,352.08,181.98999999999998,29.586554621848737,2,Unit/Package Mismatch (Same barcode has 29.6x price variance)
4005900683878,לחות סקראב לשפתיים אלוורה (₪352.08 ל-),Good Pharm,11.9,181.98999999999998,29.586554621848737,2,Unit/Package Mismatch (Lowest price for barcode with 29.6x variance)
4005900273482,לחות לשפתיים בטעם פטל שחור (₪352.08 ל-),Kolbo Yehuda,12.9,12.9,29.586554621848737,3,Unit/Package Mismatch (Same barcode has 29.6x price variance)
4005900273482,לחות לשפתיים בטעם פטל שחור (₪352.08 ל-),Good Pharm,11.9,12.9,29.586554621848737,3,Unit/Package Mismatch (Lowest price for barcode with 29.6x variance)
4005808851515,לחות לשפתיים מן אקטיב (₪352.08 ל-),Super-Pharm,352.08,181.98999999999998,29.586554621848737,2,Unit/Package Mismatch (Same barcode has 29.6x price variance)
4005808851515,לחות לשפתיים מן אקטיב (₪352.08 ל-),Good Pharm,11.9,181.98999999999998,29.586554621848737,2,Unit/Package Mismatch (Lowest price for barcode with 29.6x variance)
4005808850907,לחות לשפתיים הידרו קר (₪352.08 ל-),Good Pharm,11.9,181.98999999999998,29.586554621848737,2,Unit/Package Mismatch (Lowest price for barcode with 29.6x variance)
4005808850723,לחות לשפתיים בטעם תות (₪352.08 ל-),Super-Pharm,352.08,181.98999999999998,29.586554621848737,2,Unit/Package Mismatch (Same barcode has 29.6x price variance)
4005808850723,לחות לשפתיים בטעם תות (₪352.08 ל-),Good Pharm,11.9,181.98999999999998,29.586554621848737,2,Unit/Package Mismatch (Lowest price for barcode with 29.6x variance)
4005808650903,לחות הידרו קר בודד (₪352.08 ל-),Kolbo Yehuda,12.9,12.9,29.586554621848737,3,Unit/Package Mismatch (Same barcode has 29.6x price variance)
4005808650903,לחות הידרו קר בודד (₪352.08 ל-),Good Pharm,11.9,12.9,29.586554621848737,3,Unit/Package Mismatch (Lowest price for barcode with 29.6x variance)
4005808850907,לחות לשפתיים הידרו קר (₪352.08 ל-),Super-Pharm,352.08,181.98999999999998,29.586554621848737,2,Unit/Package Mismatch (Same barcode has 29.6x price variance)
7290013133816,לחות לגבר בודד (₪352.08 ל-),Good Pharm,11.9,12.9,29.586554621848737,3,Unit/Package Mismatch (Lowest price for barcode with 29.6x variance)
4005808368280,לחות לשפתיים בטעם דובדבן (₪352.08 ל-),Super-Pharm,352.08,181.98999999999998,29.586554621848737,2,Unit/Package Mismatch (Same barcode has 29.6x price variance)
4005808502004,לחות רוז ורוד בליסטר (₪352.08 ל-),Good Pharm,11.9,12.9,29.586554621848737,3,Unit/Package Mismatch (Lowest price for barcode with 29.6x variance)
3141360054405,ריח למדיח עד 60 הדחות בניחוח לימון (₪438 ל-),Super-Pharm,438.0,226.45,29.395973154362416,2,Unit/Package Mismatch (Same barcode has 29.4x price variance)
3141360054405,ריח למדיח עד 60 הדחות בניחוח לימון (₪438 ל-),Good Pharm,14.9,226.45,29.395973154362416,2,Unit/Package Mismatch (Lowest price for barcode with 29.4x variance)
7290112005694,דורקס קונדומים Safe Extra בתוספת חומר סיכוך עבים במקצת בעיצוב On-Easy לנוחות והתאמה מירבית. (₪4.20 ליחידה),Be Pharm,122.0,99.9,29.047619047619047,3,Unit/Package Mismatch (Same barcode has 29.0x price variance)
7290112005694,דורקס קונדומים Safe Extra בתוספת חומר סיכוך עבים במקצת בעיצוב On-Easy לנוחות והתאמה מירבית. (₪4.20 ליחידה),Good Pharm,99.9,99.9,29.047619047619047,3,Unit/Package Mismatch (Same barcode has 29.0x price variance)
7290112005632,דורקס קונדומים THIN FEEL EXTRA THIN (₪4.20 ליחידה),Good Pharm,99.9,99.9,29.047619047619047,3,Unit/Package Mismatch (Same barcode has 29.0x price variance)
7290112005632,דורקס קונדומים THIN FEEL EXTRA THIN (₪4.20 ליחידה),Super-Pharm,4.2,99.9,29.047619047619047,3,Unit/Package Mismatch (Lowest price for barcode with 29.0x variance)
7290112005632,דורקס קונדומים THIN FEEL EXTRA THIN (₪4.20 ליחידה),Be Pharm,122.0,99.9,29.047619047619047,3,Unit/Package Mismatch (Same barcode has 29.0x price variance)
7290112005694,דורקס קונדומים Safe Extra בתוספת חומר סיכוך עבים במקצת בעיצוב On-Easy לנוחות והתאמה מירבית. (₪4.20 ליחידה),Super-Pharm,4.2,99.9,29.047619047619047,3,Unit/Package Mismatch (Lowest price for barcode with 29.0x variance)
693493259330,CALM IT,Super-Pharm,6.66,99.83,28.97897897897898,2,Unit/Package Mismatch (Lowest price for barcode with 29.0x variance)
693493259330,CALM IT,Be Pharm,193.0,99.83,28.97897897897898,2,Unit/Package Mismatch (Same barcode has 29.0x price variance)
7290000262413,אקסטרה קר חיתולים מידה 5 12- (₪1.90 ליחידה),Good Pharm,54.9,28.4,28.894736842105264,2,Unit/Package Mismatch (Same barcode has 28.9x price variance)
7290000262413,אקסטרה קר חיתולים מידה 5 12- (₪1.90 ליחידה),Super-Pharm,1.9,28.4,28.894736842105264,2,Unit/Package Mismatch (Lowest price for barcode with 28.9x variance)
7290000197548,פרידום דריי חיתולים מידה 5 12- (₪1.53 ליחידה),Good Pharm,43.9,22.715,28.692810457516337,2,Unit/Package Mismatch (Same barcode has 28.7x price variance)
7290000197548,פרידום דריי חיתולים מידה 5 12- (₪1.53 ליחידה),Super-Pharm,1.53,22.715,28.692810457516337,2,Unit/Package Mismatch (Lowest price for barcode with 28.7x variance)
7296168154232,סוויטי שקיות לאחסון חלב אם 25 שקיות (₪1.20 ליחידה),Be Pharm,33.9,19.9,28.25,3,Unit/Package Mismatch (Same barcode has 28.2x price variance)
7296168154232,סוויטי שקיות לאחסון חלב אם 25 שקיות (₪1.20 ליחידה),Good Pharm,19.9,19.9,28.25,3,Unit/Package Mismatch (Same barcode has 28.2x price variance)
7296168154232,סוויטי שקיות לאחסון חלב אם 25 שקיות (₪1.20 ליחידה),Super-Pharm,1.2,19.9,28.25,3,Unit/Package Mismatch (Lowest price for barcode with 28.2x variance)
3574660571769,שפתון לחות SPF20 (₪560.42 ל-),Super-Pharm,560.42,290.15999999999997,28.161809045226132,2,Unit/Package Mismatch (Same barcode has 28.2x price variance)
3574660571769,שפתון לחות SPF20 (₪560.42 ל-),Good Pharm,19.9,290.15999999999997,28.161809045226132,2,Unit/Package Mismatch (Lowest price for barcode with 28.2x variance)
4054596760080,פלסטרים נקסקר מעורב,Be Pharm,28.72,28.72,27.416666666666668,3,Unit/Package Mismatch (Same barcode has 27.4x price variance)
4054596760080,פלסטרים נקסקר מעורב,Super-Pharm,1.2,28.72,27.416666666666668,3,Unit/Package Mismatch (Lowest price for barcode with 27.4x variance)
4054596760080,פלסטרים נקסקר מעורב,Good Pharm,32.9,28.72,27.416666666666668,3,Unit/Package Mismatch (Same barcode has 27.4x price variance)
8700216350310,אקטיב בייבי דריי חיתולים בייבי דריי מידה 4+ 10- (₪1.53 ליחידה),Be Pharm,41.9,21.715,27.38562091503268,2,Unit/Package Mismatch (Same barcode has 27.4x price variance)
8700216350310,אקטיב בייבי דריי חיתולים בייבי דריי מידה 4+ 10- (₪1.53 ליחידה),Super-Pharm,1.53,21.715,27.38562091503268,2,Unit/Package Mismatch (Lowest price for barcode with 27.4x variance)
7290013133816,לחות לגבר בודד (₪352.08 ל-),Super-Pharm,352.08,12.9,27.293023255813953,3,Potential Pricing Error (Outlier)
4005900273482,לחות לשפתיים בטעם פטל שחור (₪352.08 ל-),Super-Pharm,352.08,12.9,27.293023255813953,3,Potential Pricing Error (Outlier)
4005808650903,לחות הידרו קר בודד (₪352.08 ל-),Super-Pharm,352.08,12.9,27.293023255813953,3,Potential Pricing Error (Outlier)
4005808502004,לחות רוז ורוד בליסטר (₪352.08 ל-),Super-Pharm,352.08,12.9,27.293023255813953,3,Potential Pricing Error (Outlier)
8700216891134,פרימיום חיתולים מידה 2 (₪1.25 ליחידה),Super-Pharm,1.25,33.9,27.119999999999997,3,Unit/Package Mismatch (Lowest price for barcode with 27.1x variance)
8700216891134,פרימיום חיתולים מידה 2 (₪1.25 ליחידה),Good Pharm,33.9,33.9,27.119999999999997,3,Unit/Package Mismatch (Same barcode has 27.1x price variance)
8700216891134,פרימיום חיתולים מידה 2 (₪1.25 ליחידה),Be Pharm,33.9,33.9,27.119999999999997,3,Unit/Package Mismatch (Same barcode has 27.1x price variance)
7290100413463,ACU-OR שפתון טיפולי לשפתיים יבשות ולהגנה מהשמש SPF50+ (₪908.89 ל-),Good Pharm,33.9,471.395,26.810914454277288,2,Unit/Package Mismatch (Lowest price for barcode with 26.8x variance)
7290100413463,ACU-OR שפתון טיפולי לשפתיים יבשות ולהגנה מהשמש SPF50+ (₪908.89 ל-),Super-Pharm,908.89,471.395,26.810914454277288,2,Unit/Package Mismatch (Same barcode has 26.8x price variance)
7290017847696,SAFFROLEX ספרולקס,Good Pharm,89.9,79.9,26.755952380952383,3,Unit/Package Mismatch (Same barcode has 26.8x price variance)
7290017847696,SAFFROLEX ספרולקס,Be Pharm,79.9,79.9,26.755952380952383,3,Unit/Package Mismatch (Same barcode has 26.8x price variance)
7290017847696,SAFFROLEX ספרולקס,Super-Pharm,3.36,79.9,26.755952380952383,3,Unit/Package Mismatch (Lowest price for barcode with 26.8x variance)
8700216350396,אקטיב בייבי דריי חיתולים בייבי דריי מידה 5 11- (₪1.59 ליחידה),Super-Pharm,1.59,21.745,26.352201257861633,2,Unit/Package Mismatch (Lowest price for barcode with 26.4x variance)
8700216350396,אקטיב בייבי דריי חיתולים בייבי דריי מידה 5 11- (₪1.59 ליחידה),Be Pharm,41.9,21.745,26.352201257861633,2,Unit/Package Mismatch (Same barcode has 26.4x price variance)
7290111347252,אקסטרה קר חיתולים מידה 6 16- (₪2.11 ליחידה),Be Pharm,54.9,54.9,26.018957345971565,3,Unit/Package Mismatch (Same barcode has 26.0x price variance)
7290111347252,אקסטרה קר חיתולים מידה 6 16- (₪2.11 ליחידה),Good Pharm,54.9,54.9,26.018957345971565,3,Unit/Package Mismatch (Same barcode has 26.0x price variance)
7290111347252,אקסטרה קר חיתולים מידה 6 16- (₪2.11 ליחידה),Super-Pharm,2.11,54.9,26.018957345971565,3,Unit/Package Mismatch (Lowest price for barcode with 26.0x variance)
3596204711394,EVERON (₪852.08 ל-),Super-Pharm,852.08,442.49,25.89908814589666,2,Unit/Package Mismatch (Same barcode has 25.9x price variance)
3596204711394,EVERON (₪852.08 ל-),Good Pharm,32.9,442.49,25.89908814589666,2,Unit/Package Mismatch (Lowest price for barcode with 25.9x variance)
7290013621221,"מגה פרוביוטיק 500 מ""ג",Be Pharm,49.9,49.9,25.88888888888889,3,Unit/Package Mismatch (Same barcode has 25.9x price variance)
7290013621221,"מגה פרוביוטיק 500 מ""ג",Good Pharm,69.9,49.9,25.88888888888889,3,Unit/Package Mismatch (Same barcode has 25.9x price variance)
7290013621221,"מגה פרוביוטיק 500 מ""ג",Super-Pharm,2.7,49.9,25.88888888888889,3,Unit/Package Mismatch (Lowest price for barcode with 25.9x variance)
7290111347856,אוברנייטס חיתול לילה מידה 3 6- (₪2.07 ליחידה),Super-Pharm,2.07,27.735,25.797101449275363,2,Unit/Package Mismatch (Lowest price for barcode with 25.8x variance)
7290111347870,אוברנייטס חיתול לילה מידה 5 12- (₪2.07 ליחידה),Be Pharm,53.4,27.735,25.797101449275363,2,Unit/Package Mismatch (Same barcode has 25.8x price variance)
7290111347870,אוברנייטס חיתול לילה מידה 5 12- (₪2.07 ליחידה),Super-Pharm,2.07,27.735,25.797101449275363,2,Unit/Package Mismatch (Lowest price for barcode with 25.8x variance)
7290111347863,אוברנייטס חיתול לילה מידה 4 8- (₪2.07 ליחידה),Super-Pharm,2.07,27.735,25.797101449275363,2,Unit/Package Mismatch (Lowest price for barcode with 25.8x variance)
7290111347863,אוברנייטס חיתול לילה מידה 4 8- (₪2.07 ליחידה),Be Pharm,53.4,27.735,25.797101449275363,2,Unit/Package Mismatch (Same barcode has 25.8x price variance)
7290111347856,אוברנייטס חיתול לילה מידה 3 6- (₪2.07 ליחידה),Be Pharm,53.4,27.735,25.797101449275363,2,Unit/Package Mismatch (Same barcode has 25.8x price variance)
7290016437652,פנטס תחתוני חיתולים האגיס פנטס מידה 6 15- (₪1.96 ליחידה),Be Pharm,50.3,26.13,25.663265306122447,2,Unit/Package Mismatch (Same barcode has 25.7x price variance)
7290016437652,פנטס תחתוני חיתולים האגיס פנטס מידה 6 15- (₪1.96 ליחידה),Super-Pharm,1.96,26.13,25.663265306122447,2,Unit/Package Mismatch (Lowest price for barcode with 25.7x variance)
7290111346538,פרידום דריי חיתולים מידה 5+ 14- (₪1.75 ליחידה),Be Pharm,43.9,43.9,25.085714285714285,3,Unit/Package Mismatch (Same barcode has 25.1x price variance)
7290111346538,פרידום דריי חיתולים מידה 5+ 14- (₪1.75 ליחידה),Super-Pharm,1.75,43.9,25.085714285714285,3,Unit/Package Mismatch (Lowest price for barcode with 25.1x variance)
7290111346538,פרידום דריי חיתולים מידה 5+ 14- (₪1.75 ליחידה),Good Pharm,43.9,43.9,25.085714285714285,3,Unit/Package Mismatch (Same barcode has 25.1x price variance)
7290111097973,"SUN&GLOW שפתון אנטי אייג'ינג להגנה גבוהה מאוד מהשמש +SPF50 (₪1,353.33 ל-)",Super-Pharm,1353.33,704.115,24.650819672131146,2,Unit/Package Mismatch (Same barcode has 24.7x price variance)
7290111097973,"SUN&GLOW שפתון אנטי אייג'ינג להגנה גבוהה מאוד מהשמש +SPF50 (₪1,353.33 ל-)",Good Pharm,54.9,704.115,24.650819672131146,2,Unit/Package Mismatch (Lowest price for barcode with 24.7x variance)
3045206312257,מגבונים לחיטוי כללי 36 יח' (₪0.41 ליחידה),Good Pharm,10.0,5.205,24.390243902439025,2,Unit/Package Mismatch (Same barcode has 24.4x price variance)
3045206312257,מגבונים לחיטוי כללי 36 יח' (₪0.41 ליחידה),Super-Pharm,0.41,5.205,24.390243902439025,2,Unit/Package Mismatch (Lowest price for barcode with 24.4x variance)
7290000197678,פרידום דריי חיתולים מידה 6 18- (₪1.81 ליחידה),Good Pharm,43.9,22.855,24.25414364640884,2,Unit/Package Mismatch (Same barcode has 24.3x price variance)
7290000197678,פרידום דריי חיתולים מידה 6 18- (₪1.81 ליחידה),Super-Pharm,1.81,22.855,24.25414364640884,2,Unit/Package Mismatch (Lowest price for barcode with 24.3x variance)
8016867009959,"מגן תחתון באריזה אישית, עשוי מ-100% כותנה אורגנית (₪1.20 ליחידה)",Be Pharm,28.9,15.049999999999999,24.083333333333332,2,Unit/Package Mismatch (Same barcode has 24.1x price variance)
8016867009959,"מגן תחתון באריזה אישית, עשוי מ-100% כותנה אורגנית (₪1.20 ליחידה)",Super-Pharm,1.2,15.049999999999999,24.083333333333332,2,Unit/Package Mismatch (Lowest price for barcode with 24.1x variance)
8700216350419,אקטיב בייבי דריי חיתולים בייבי דריי מידה 6 13- (₪1.79 ליחידה),Be Pharm,41.9,21.845,23.407821229050278,2,Unit/Package Mismatch (Same barcode has 23.4x price variance)
8700216350419,אקטיב בייבי דריי חיתולים בייבי דריי מידה 6 13- (₪1.79 ליחידה),Super-Pharm,1.79,21.845,23.407821229050278,2,Unit/Package Mismatch (Lowest price for barcode with 23.4x variance)
7290010294589,פלסטר פלוס עוצר דימום,Be Pharm,21.5,10.0,22.63157894736842,3,Unit/Package Mismatch (Same barcode has 22.6x price variance)
7290010294589,פלסטר פלוס עוצר דימום,Super-Pharm,0.95,10.0,22.63157894736842,3,Unit/Package Mismatch (Lowest price for barcode with 22.6x variance)
7290010294589,פלסטר פלוס עוצר דימום,Good Pharm,10.0,10.0,22.63157894736842,3,Unit/Package Mismatch (Same barcode has 22.6x price variance)
8700216890984,פרימיום חיתולים מידה 3 (₪1.53 ליחידה),Be Pharm,33.9,33.9,22.15686274509804,3,Unit/Package Mismatch (Same barcode has 22.2x price variance)
8700216890984,פרימיום חיתולים מידה 3 (₪1.53 ליחידה),Super-Pharm,1.53,33.9,22.15686274509804,3,Unit/Package Mismatch (Lowest price for barcode with 22.2x variance)
8700216890984,פרימיום חיתולים מידה 3 (₪1.53 ליחידה),Good Pharm,33.9,33.9,22.15686274509804,3,Unit/Package Mismatch (Same barcode has 22.2x price variance)
4005900994523,לחות עם חומצה היאלורונית - גוון ורוד (‫₪440.38 ל-‬),Good Pharm,19.9,230.14,22.12964824120603,2,Unit/Package Mismatch (Lowest price for barcode with 22.1x variance)
4005900994523,לחות עם חומצה היאלורונית - גוון ורוד (‫₪440.38 ל-‬),Super-Pharm,440.38,230.14,22.12964824120603,2,Unit/Package Mismatch (Same barcode has 22.1x price variance)
4005900994509,לחות עם חומצה היאלורונית (₪440.38 ל-),Good Pharm,19.9,230.14,22.12964824120603,2,Unit/Package Mismatch (Lowest price for barcode with 22.1x variance)
4005900994509,לחות עם חומצה היאלורונית (₪440.38 ל-),Super-Pharm,440.38,230.14,22.12964824120603,2,Unit/Package Mismatch (Same barcode has 22.1x price variance)
8016867008945,"מגן תחתון באריזת תפזורת, עשוי מ-100% כותנה אורגנית (₪1 ליחידה)",Be Pharm,21.76,11.38,21.76,2,Unit/Package Mismatch (Same barcode has 21.8x price variance)
8016867008945,"מגן תחתון באריזת תפזורת, עשוי מ-100% כותנה אורגנית (₪1 ליחידה)",Super-Pharm,1.0,11.38,21.76,2,Unit/Package Mismatch (Lowest price for barcode with 21.8x variance)
5010622005012,חוט דנטלי ללא שעווה 50 מטר (₪0.46 ל-1 מטר),Super-Pharm,0.46,10.0,21.73913043478261,3,Unit/Package Mismatch (Lowest price for barcode with 21.7x variance)
5010622005012,חוט דנטלי ללא שעווה 50 מטר (₪0.46 ל-1 מטר),Be Pharm,10.0,10.0,21.73913043478261,3,Unit/Package Mismatch (Same barcode has 21.7x price variance)
5010622005012,חוט דנטלי ללא שעווה 50 מטר (₪0.46 ל-1 מטר),Good Pharm,10.0,10.0,21.73913043478261,3,Unit/Package Mismatch (Same barcode has 21.7x price variance)
5016221202548,חוט דנטלי עם ידית לשימוש רב פעמי מנטה אקולוגי (₪0.60 ליחידה),Be Pharm,12.9,6.75,21.5,2,Unit/Package Mismatch (Same barcode has 21.5x price variance)
5016221202548,חוט דנטלי עם ידית לשימוש רב פעמי מנטה אקולוגי (₪0.60 ליחידה),Super-Pharm,0.6,6.75,21.5,2,Unit/Package Mismatch (Lowest price for barcode with 21.5x variance)
0305210256712,מיני לשפתיים אורגינל,HaMashbir 365,11.9,133.805,21.488235294117647,2,Unit/Package Mismatch (Lowest price for barcode with 21.5x variance)
0305210437371,מיני לשפתיים ורוד עדין,Super-Pharm,255.71,133.805,21.488235294117647,2,Unit/Package Mismatch (Same barcode has 21.5x price variance)
0305210437371,מיני לשפתיים ורוד עדין,HaMashbir 365,11.9,133.805,21.488235294117647,2,Unit/Package Mismatch (Lowest price for barcode with 21.5x variance)
0305210256712,מיני לשפתיים אורגינל,Super-Pharm,255.71,133.805,21.488235294117647,2,Unit/Package Mismatch (Same barcode has 21.5x price variance)
7610458017623,טייפ חוט דנטלי מטפלון 1762 20 מטר (₪1.90 ל-1 מטר),Super-Pharm,1.9,20.9,21.0,2,Unit/Package Mismatch (Lowest price for barcode with 21.0x variance)
7610458017623,טייפ חוט דנטלי מטפלון 1762 20 מטר (₪1.90 ל-1 מטר),Be Pharm,39.9,20.9,21.0,2,Unit/Package Mismatch (Same barcode has 21.0x price variance)
8016867015080,"מגן תחתון בתפזורת באריזת חיסכון , עשוי מ-100% כותנה אורגנית (₪1.66 ליחידה)",Be Pharm,34.77,18.215,20.945783132530124,2,Unit/Package Mismatch (Same barcode has 20.9x price variance)
8016867015080,"מגן תחתון בתפזורת באריזת חיסכון , עשוי מ-100% כותנה אורגנית (₪1.66 ליחידה)",Super-Pharm,1.66,18.215,20.945783132530124,2,Unit/Package Mismatch (Lowest price for barcode with 20.9x variance)
5060062992588,לאחסון חלב אם 25 שקיות (₪1.92 ליחידה),Good Pharm,39.9,20.91,20.78125,2,Unit/Package Mismatch (Same barcode has 20.8x price variance)
5060062992588,לאחסון חלב אם 25 שקיות (₪1.92 ליחידה),Super-Pharm,1.92,20.91,20.78125,2,Unit/Package Mismatch (Lowest price for barcode with 20.8x variance)
4054596918320,נקסקר דואו מגוון,Good Pharm,34.9,34.9,20.049019607843135,3,Unit/Package Mismatch (Same barcode has 20.0x price variance)
4054596918320,נקסקר דואו מגוון,Be Pharm,40.9,34.9,20.049019607843135,3,Unit/Package Mismatch (Same barcode has 20.0x price variance)
4054596918320,נקסקר דואו מגוון,Super-Pharm,2.04,34.9,20.049019607843135,3,Unit/Package Mismatch (Lowest price for barcode with 20.0x variance)
5029053574110,פול אפס תחתוני גמילה סופגים ליום - לבנים ולבנות מידה 6 15+ קילו (₪2.79 ליחידה),Super-Pharm,2.79,29.345,20.03584229390681,2,Unit/Package Mismatch (Lowest price for barcode with 20.0x variance)
5029053574110,פול אפס תחתוני גמילה סופגים ליום - לבנים ולבנות מידה 6 15+ קילו (₪2.79 ליחידה),Be Pharm,55.9,29.345,20.03584229390681,2,Unit/Package Mismatch (Same barcode has 20.0x price variance)
7290015912914,אדקס כמוסות ליקוויד ג'ל 400 - חדש 20 כמוסות נוזל (₪2.51 ליחידה),Good Pharm,50.28,26.395,20.031872509960163,2,Unit/Package Mismatch (Same barcode has 20.0x price variance)
7290015912914,אדקס כמוסות ליקוויד ג'ל 400 - חדש 20 כמוסות נוזל (₪2.51 ליחידה),Super-Pharm,2.51,26.395,20.031872509960163,2,Unit/Package Mismatch (Lowest price for barcode with 20.0x variance)
8006540951903,ג'ל כביסה בניחוח לנור בקופסת קרטון (₪1.78 ליחידה),Super-Pharm,1.78,18.34,19.606741573033705,2,Unit/Package Mismatch (Lowest price for barcode with 19.6x variance)
8006540951903,ג'ל כביסה בניחוח לנור בקופסת קרטון (₪1.78 ליחידה),Good Pharm,34.9,18.34,19.606741573033705,2,Unit/Package Mismatch (Same barcode has 19.6x price variance)
8700216890946,פרימיום חיתולים מידה 4 (₪1.75 ליחידה),Good Pharm,33.9,33.9,19.37142857142857,3,Unit/Package Mismatch (Same barcode has 19.4x price variance)
8700216890946,פרימיום חיתולים מידה 4 (₪1.75 ליחידה),Super-Pharm,1.75,33.9,19.37142857142857,3,Unit/Package Mismatch (Lowest price for barcode with 19.4x variance)
8700216890946,פרימיום חיתולים מידה 4 (₪1.75 ליחידה),Be Pharm,33.9,33.9,19.37142857142857,3,Unit/Package Mismatch (Same barcode has 19.4x price variance)
8696814047168,LIP OIL GABRINI קלאסיק אפרסק (₪475 ל-),Super-Pharm,475.0,249.95,19.076305220883537,2,Unit/Package Mismatch (Same barcode has 19.1x price variance)
8696814047168,LIP OIL GABRINI קלאסיק אפרסק (₪475 ל-),Good Pharm,24.9,249.95,19.076305220883537,2,Unit/Package Mismatch (Lowest price for barcode with 19.1x variance)
4008600338949,R3 קונדומים דקים ומשומנים לתחושה טבעית 24 קונדומים (₪3.37 ליחידה),Super-Pharm,3.37,33.645,18.967359050445104,2,Unit/Package Mismatch (Lowest price for barcode with 19.0x variance)
4008600438465,R3 XL קונדומים,Be Pharm,63.92,33.645,18.967359050445104,2,Unit/Package Mismatch (Same barcode has 19.0x price variance)
4008600438465,R3 XL קונדומים,Super-Pharm,3.37,33.645,18.967359050445104,2,Unit/Package Mismatch (Lowest price for barcode with 19.0x variance)
4008600338949,R3 קונדומים דקים ומשומנים לתחושה טבעית 24 קונדומים (₪3.37 ליחידה),Be Pharm,63.92,33.645,18.967359050445104,2,Unit/Package Mismatch (Same barcode has 19.0x price variance)
7290100412244,ANTI AGING מגבוני ניקוי והסרת איפור לפנים ולעיניים (₪0.87 ליחידה),Good Pharm,15.9,8.385,18.275862068965516,2,Unit/Package Mismatch (Same barcode has 18.3x price variance)
7290100412244,ANTI AGING מגבוני ניקוי והסרת איפור לפנים ולעיניים (₪0.87 ליחידה),Super-Pharm,0.87,8.385,18.275862068965516,2,Unit/Package Mismatch (Lowest price for barcode with 18.3x variance)
8016867002646,"מגן תחתון ארוך במיוחד, עשוי מ-100% כותנה אורגנית (₪1.20 ליחידה)",Be Pharm,21.76,11.48,18.133333333333336,2,Unit/Package Mismatch (Same barcode has 18.1x price variance)
8016867002646,"מגן תחתון ארוך במיוחד, עשוי מ-100% כותנה אורגנית (₪1.20 ליחידה)",Super-Pharm,1.2,11.48,18.133333333333336,2,Unit/Package Mismatch (Lowest price for barcode with 18.1x variance)
8016867008976,"טמפונים עם מוליך - רגולר, עשויים מ-100% כותנה אורגנית (‫₪2.18 ליחידה‬)",Super-Pharm,2.18,20.54,17.844036697247706,2,Unit/Package Mismatch (Lowest price for barcode with 17.8x variance)
8016867008969,"טמפונים עם מוליך - סופר, עשויים מ-100% כותנה אורגנית (₪2.18 ליחידה)",Be Pharm,38.9,20.54,17.844036697247706,2,Unit/Package Mismatch (Same barcode has 17.8x price variance)
8016867008969,"טמפונים עם מוליך - סופר, עשויים מ-100% כותנה אורגנית (₪2.18 ליחידה)",Super-Pharm,2.18,20.54,17.844036697247706,2,Unit/Package Mismatch (Lowest price for barcode with 17.8x variance)
8016867008976,"טמפונים עם מוליך - רגולר, עשויים מ-100% כותנה אורגנית (‫₪2.18 ליחידה‬)",Be Pharm,38.9,20.54,17.844036697247706,2,Unit/Package Mismatch (Same barcode has 17.8x price variance)
5060062992526,רפידות הנקה 24 יח (₪1.29 ליחידה),Good Pharm,22.9,12.094999999999999,17.751937984496124,2,Unit/Package Mismatch (Same barcode has 17.8x price variance)
5060062992526,רפידות הנקה 24 יח (₪1.29 ליחידה),Super-Pharm,1.29,12.094999999999999,17.751937984496124,2,Unit/Package Mismatch (Lowest price for barcode with 17.8x variance)
7290108352535,בישום לחים למייבש הכביסה (₪0.75 ליחידה),Super-Pharm,0.75,6.825,17.2,2,Unit/Package Mismatch (Lowest price for barcode with 17.2x variance)
7290108352535,בישום לחים למייבש הכביסה (₪0.75 ליחידה),Good Pharm,12.9,6.825,17.2,2,Unit/Package Mismatch (Same barcode has 17.2x price variance)
8016867009911,"טמפונים ללא מוליך - סופר, עשויים מ-100% כותנה אורגנית (₪1.99 ליחידה)",Be Pharm,33.9,17.945,17.035175879396984,2,Unit/Package Mismatch (Same barcode has 17.0x price variance)
8016867009911,"טמפונים ללא מוליך - סופר, עשויים מ-100% כותנה אורגנית (₪1.99 ליחידה)",Super-Pharm,1.99,17.945,17.035175879396984,2,Unit/Package Mismatch (Lowest price for barcode with 17.0x variance)
8016867009928,"טמפונים ללא מוליך - רגולר, עשויים מ-100% כותנה אורגנית (₪1.99 ליחידה)",Super-Pharm,1.99,17.945,17.035175879396984,2,Unit/Package Mismatch (Lowest price for barcode with 17.0x variance)
8016867009928,"טמפונים ללא מוליך - רגולר, עשויים מ-100% כותנה אורגנית (₪1.99 ליחידה)",Be Pharm,33.9,17.945,17.035175879396984,2,Unit/Package Mismatch (Same barcode has 17.0x price variance)
8700216891103,פרימיום חיתולים מידה 5 (₪2.04 ליחידה),Good Pharm,33.9,33.9,16.61764705882353,3,Unit/Package Mismatch (Same barcode has 16.6x price variance)
8700216891103,פרימיום חיתולים מידה 5 (₪2.04 ליחידה),Super-Pharm,2.04,33.9,16.61764705882353,3,Unit/Package Mismatch (Lowest price for barcode with 16.6x variance)
8700216891103,פרימיום חיתולים מידה 5 (₪2.04 ליחידה),Be Pharm,33.9,33.9,16.61764705882353,3,Unit/Package Mismatch (Same barcode has 16.6x price variance)
30106659,רוש-פוזה סיקאפלסט שפתיים לילדים ומבוגרים (₪732 ל-),Good Pharm,45.0,388.5,16.266666666666666,2,Unit/Package Mismatch (Lowest price for barcode with 16.3x variance)
30106659,רוש-פוזה סיקאפלסט שפתיים לילדים ומבוגרים (₪732 ל-),Super-Pharm,732.0,388.5,16.266666666666666,2,Unit/Package Mismatch (Same barcode has 16.3x price variance)
7290008092241,ג'נבול קאפס כמוסות ג'ל 20 כמוסות (₪1.54 ליחידה),Super-Pharm,1.54,13.219999999999999,16.16883116883117,2,Unit/Package Mismatch (Lowest price for barcode with 16.2x variance)
7290008092241,ג'נבול קאפס כמוסות ג'ל 20 כמוסות (₪1.54 ליחידה),Good Pharm,24.9,13.219999999999999,16.16883116883117,2,Unit/Package Mismatch (Same barcode has 16.2x price variance)
7290015912938,אדקס כמוסות ליקוויד ג'ל 200 - חדש 16 כמוסות נוזל (₪1.89 ליחידה),Good Pharm,30.25,16.07,16.005291005291006,2,Unit/Package Mismatch (Same barcode has 16.0x price variance)
7290015912938,אדקס כמוסות ליקוויד ג'ל 200 - חדש 16 כמוסות נוזל (₪1.89 ליחידה),Super-Pharm,1.89,16.07,16.005291005291006,2,Unit/Package Mismatch (Lowest price for barcode with 16.0x variance)
5010622018258,חוט דנטאלי דמוי סאטן בטעם מנטה 25 מטר (₪0.96 ל-1 מטר),Be Pharm,15.0,10.0,15.625,3,Unit/Package Mismatch (Same barcode has 15.6x price variance)
5010622018258,חוט דנטאלי דמוי סאטן בטעם מנטה 25 מטר (₪0.96 ל-1 מטר),Good Pharm,10.0,10.0,15.625,3,Unit/Package Mismatch (Same barcode has 15.6x price variance)
5010622018258,חוט דנטאלי דמוי סאטן בטעם מנטה 25 מטר (₪0.96 ל-1 מטר),Super-Pharm,0.96,10.0,15.625,3,Unit/Package Mismatch (Lowest price for barcode with 15.6x variance)
8700216891011,פרימיום חיתולים מידה 6 (₪2.22 ליחידה),Good Pharm,33.9,33.9,15.270270270270268,3,Unit/Package Mismatch (Same barcode has 15.3x price variance)
8700216891011,פרימיום חיתולים מידה 6 (₪2.22 ליחידה),Super-Pharm,2.22,33.9,15.270270270270268,3,Unit/Package Mismatch (Lowest price for barcode with 15.3x variance)
8700216891011,פרימיום חיתולים מידה 6 (₪2.22 ליחידה),Be Pharm,33.9,33.9,15.270270270270268,3,Unit/Package Mismatch (Same barcode has 15.3x price variance)
7290100413012,פרימוורה שמן אקליפטוס (₪379 ל-),Super-Pharm,379.0,201.95,15.220883534136547,2,Unit/Package Mismatch (Same barcode has 15.2x price variance)
7290100413012,פרימוורה שמן אקליפטוס (₪379 ל-),Good Pharm,24.9,201.95,15.220883534136547,2,Unit/Package Mismatch (Lowest price for barcode with 15.2x variance)
4086900102026,פרימוורה שמן עץ התה (₪419 ל-),Super-Pharm,419.0,223.45,15.017921146953405,2,Unit/Package Mismatch (Same barcode has 15.0x price variance)
4086900102026,פרימוורה שמן עץ התה (₪419 ל-),Good Pharm,27.9,223.45,15.017921146953405,2,Unit/Package Mismatch (Lowest price for barcode with 15.0x variance)
7290002041009,קומפלט קרם דאודורנט לבית השחי (₪519 ל-),Super-Pharm,519.0,45.0,11.533333333333333,3,Potential Pricing Error (Outlier)
887167588509,"LAUDER ADVANCED NIGHT REPAIR קרם עיניים (₪2,400 ל-)",Super-Pharm,2400.0,270.0,8.88888888888889,3,Potential Pricing Error (Outlier)
887167327665,DAY WEAR קרם עיניים,Super-Pharm,1200.0,135.0,8.88888888888889,3,Potential Pricing Error (Outlier)
192333102749,קרם עיניים סמארט קליניק,Super-Pharm,2133.33,240.0,8.888875,3,Potential Pricing Error (Outlier)
4005808812882,Q10 POWER קרם עיניים (₪673.33 ל-),Super-Pharm,673.33,79.9,8.427158948685857,3,Potential Pricing Error (Outlier)
85715333032,BELLA VITA א.ד.פ לאשה (₪400 ל-),Super-Pharm,400.0,49.9,8.016032064128257,3,Potential Pricing Error (Outlier)
3600522251750,L'OREAL PARIS REVITALIFT LASER קרם עיניים להפחתת מראה קמטים (₪740 ל-),Super-Pharm,740.0,95.0,7.7894736842105265,5,Potential Pricing Error (Outlier)
3600523201310,L'OREAL PARIS REVITALIFT FILLER קרם עיניים להפחתת מראה עייפות (₪740 ל-),Super-Pharm,740.0,96.0,7.708333333333333,5,Potential Pricing Error (Outlier)
3574661352527,HYDRO BOOST קרם עיניים (₪553.33 ל-),Super-Pharm,553.33,72.4,7.64267955801105,4,Potential Pricing Error (Outlier)
3574661699523,RETINOL BOOST קרם עיניים (₪740 ל-),Super-Pharm,740.0,99.45,7.440925087983912,4,Potential Pricing Error (Outlier)
3574661520353,CLEAR & DEFEND ג'ל לטיפול מהיר (₪366.67 ל-),Super-Pharm,366.67,50.0,7.3334,3,Potential Pricing Error (Outlier)
858511001289,"LEAVE-IN MOLECULAR REPAIR מסכה ללא שטיפה לתיקון ושיקום מולקולרי של השיער (₪1,206.67 ל-)",Super-Pharm,1206.67,179.0,6.741173184357542,3,Potential Pricing Error (Outlier)
4005808827336,CELLULAR קרם עיניים,Super-Pharm,846.67,128.0,6.614609375,3,Potential Pricing Error (Outlier)
5012583210900,ג'ל לגבות ולקצוות אחיזה 6 (₪318.12 ל-),Super-Pharm,318.12,49.9,6.375150300601202,3,Potential Pricing Error (Outlier)
3614274170191,"RENERGIE H.C.F טריפל סרום (₪1,615 ל-)",Super-Pharm,1615.0,258.4,6.250000000000001,3,Potential Pricing Error (Outlier)
192333189764,ANTI BLEMISH ג'ל לטיפול בפצעונים (₪825 ל-),Super-Pharm,825.0,132.0,6.25,3,Potential Pricing Error (Outlier)
3614273660440,"GENIFIQUE LIGHT PEARL סרום עיניים (₪1,830 ל-)",Super-Pharm,1830.0,292.8,6.25,3,Potential Pricing Error (Outlier)
7290002000310,OIL קלאסיק פרפיום (₪873.33 ל-),Super-Pharm,873.33,149.0,5.8612751677852355,3,Potential Pricing Error (Outlier)
3600524025540,סרום אנטי-אייג'ינג לעיניים- רויטליפט פילר,Super-Pharm,555.0,96.0,5.78125,5,Potential Pricing Error (Outlier)
3614274170207,"טריפל סרום עיניים רנרג'י 20 מ""ל",Super-Pharm,2045.0,368.1,5.555555555555555,4,Potential Pricing Error (Outlier)
7290104964954,מסכת בד זהב למיצוק וזוהר לעור (₪55 ל-),Super-Pharm,55.0,10.0,5.5,3,Potential Pricing Error (Outlier)
7290104964961,מסכת בד ויטמין C למראה עור אחיד וקורן (₪55 ל-),Super-Pharm,55.0,10.0,5.5,3,Potential Pricing Error (Outlier)
7290016186178,טיפות לניקוי שיניים מהשן הראשונה לגילאי 3-24 חודשים (₪154.50 ל-),Super-Pharm,154.5,29.9,5.167224080267559,3,Potential Pricing Error (Outlier)
7290018386538,פרסטי+ טיפות לניקוי שיניים מהשן הראשונה לתינוקות לגילאי 3-24 חודשים (₪154.50 ל-),Super-Pharm,154.5,29.9,5.167224080267559,3,Potential Pricing Error (Outlier)
192333042793,MOISTURE SURGE INTENSE ג'ל לחות עשיר לעור יבש מאוד עד יבש מעורב (₪400 ל-),Super-Pharm,400.0,90.0,4.444444444444445,3,Potential Pricing Error (Outlier)
192333066928,MOISTURE SURGE קרם לחות במרקם ג'ל 100 שעות (₪400 ל-),Super-Pharm,400.0,90.0,4.444444444444445,3,Potential Pricing Error (Outlier)
192333101674,סרום טיפולי לתיקון קמטים,Super-Pharm,1350.0,303.75,4.444444444444445,3,Potential Pricing Error (Outlier)
887167485471,"LAUDER ADVANCED NIGHT REPAIR סרום מתקדם (₪1,300 ל-)",Super-Pharm,1300.0,292.5,4.444444444444445,3,Potential Pricing Error (Outlier)
887167425958,LAUDER PERFECTIONIST PRO ג'ל מיימי להגנה מקיפה מקרני UV- עם שמונה נוגדי חמצון SPF50 (₪600 ל-),Super-Pharm,600.0,135.0,4.444444444444445,3,Potential Pricing Error (Outlier)
7290104964107,MULTI EFFECT קרם עיניים (₪170 ל-),Super-Pharm,170.0,39.06,4.352278545826933,4,Potential Pricing Error (Outlier)
7290012350269,REVIVAL קרם עיניים (₪473.33 ל-),Super-Pharm,473.33,110.685,4.276369878483986,4,Potential Pricing Error (Outlier)
7290104969911,C POWER קרם עיניים ויטמין C (₪223.33 ל-),Super-Pharm,223.33,53.81,4.150343802267237,4,Potential Pricing Error (Outlier)
7290104969928,C POWER קרם לילה ויטמין C (₪223.33 ל-),Super-Pharm,223.33,57.72,3.8691961191961193,3,Potential Pricing Error (Outlier)
3600523971954,L'OREAL PARIS REVITALIFT LASER סרום רטינול ערב (₪370 ל-),Super-Pharm,370.0,97.45,3.7968188814776807,4,Potential Pricing Error (Outlier)
3600524162511,L'OREAL PARIS AGE PERFECT LE DUO סרום (₪469.33 ל-),Super-Pharm,469.33,124.45,3.771233427079148,4,Potential Pricing Error (Outlier)
3600542432962,SKIN NATURALS סרום לפנים אלוורה (₪226.67 ל-),Super-Pharm,226.67,60.95,3.7189499589827726,4,Potential Pricing Error (Outlier)
3600523936625,L'OREAL PARIS REVITALIFT LASER סרום לפנים להפחתת מראה קמטים (₪370 ל-),Super-Pharm,370.0,99.9,3.7037037037037033,5,Potential Pricing Error (Outlier)
3600523873920,L'OREAL PARIS REVITALIFT FILLER סרום לפנים חומצה היאלורנית (₪370 ל-),Super-Pharm,370.0,99.9,3.7037037037037033,5,Potential Pricing Error (Outlier)
42246640,ניוואה דאודורנט רול און פאוודר טאצ' לאישה (₪43.80 ל-),Super-Pharm,43.8,11.9,3.680672268907563,3,Potential Pricing Error (Outlier)
4005900036445,דאודורנט רול און בלאק אנד וויט פיור לאישה (₪43.80 ל-),Super-Pharm,43.8,11.9,3.680672268907563,3,Potential Pricing Error (Outlier)
4005900036476,דאודורנט רול און בלאק אנד וויט קליר לאישה (₪43.80 ל-),Super-Pharm,43.8,11.9,3.680672268907563,3,Potential Pricing Error (Outlier)
4005900036506,דאודורנט רול און בלאק אנד וויט לגבר (₪43.80 ל-),Super-Pharm,43.8,11.9,3.680672268907563,3,Potential Pricing Error (Outlier)
4005900388513,דאודורנט רול און דריי קומפורט לאישה (₪43.80 ל-),Super-Pharm,43.8,11.9,3.680672268907563,3,Potential Pricing Error (Outlier)
4005900513069,דאודורנט רול און דיפ לגבר (₪43.80 ל-),Super-Pharm,43.8,11.9,3.680672268907563,3,Potential Pricing Error (Outlier)
4005900639554,ניוואה דאודורנט רול און פרש נטורל לאישה (₪43.80 ל-),Super-Pharm,43.8,11.9,3.680672268907563,3,Potential Pricing Error (Outlier)
4005900845702,דאודורנט רול און קול קיק פרש לגבר (₪43.80 ל-),Super-Pharm,43.8,11.9,3.680672268907563,3,Potential Pricing Error (Outlier)
4005900874962,דאודורנט רול און לגבר דיפ ביט (₪43.80 ל-),Super-Pharm,43.8,11.9,3.680672268907563,3,Potential Pricing Error (Outlier)
4006000016504,דאודורנט רול און פרש סנסיישן לגבר (₪43.80 ל-),Super-Pharm,43.8,11.9,3.680672268907563,3,Potential Pricing Error (Outlier)
7290110457761,ICON GLEAM א.ד.פ אישה,Super-Pharm,438.0,119.0,3.680672268907563,3,Potential Pricing Error (Outlier)
3600524197704,L'OREAL PARIS REVITALIFT LASER סרום פפטידים (₪386.67 ל-),Super-Pharm,386.67,105.4,3.668595825426945,4,Potential Pricing Error (Outlier)
7290012350276,REVIVAL סרום (₪473.33 ל-),Super-Pharm,473.33,131.735,3.5930466466770405,4,Potential Pricing Error (Outlier)
3600524070212,L'OREAL PARIS REVITALIFT CLINICAL סרום ויטמין C (₪403.33 ל-),Super-Pharm,403.33,114.0,3.537982456140351,4,Potential Pricing Error (Outlier)
3600524012601,L'OREAL PARIS CELL RENEW סרום מידנייט לפנים (₪440 ל-),Super-Pharm,440.0,124.9,3.5228182546036826,3,Potential Pricing Error (Outlier)
3600524119829,L'OREAL PARIS BRIGHT REVEAL סרום 10% ניאצינאמיד (₪403.33 ל-),Super-Pharm,403.33,114.95,3.5087429317094387,4,Potential Pricing Error (Outlier)
8056860212031,CAVALLI paradiso א.ד.פ לאשה (₪436.67 ל-),Super-Pharm,436.67,129.0,3.3850387596899227,3,Potential Pricing Error (Outlier)
3600542513241,סרום עם פחם (₪226.67 ל-),Super-Pharm,226.67,67.0,3.3831343283582087,3,Potential Pricing Error (Outlier)
3600542541602,SKIN ACTIVE סרום לפנים ויטמין C (‫₪226.67 ל-‬),Super-Pharm,226.67,67.0,3.3831343283582087,3,Potential Pricing Error (Outlier)
5900717729735,ויטמין אנרג'י סרום פנים C+E (₪269.67 ל-),Super-Pharm,269.67,79.9,3.3750938673341677,3,Potential Pricing Error (Outlier)
7290011622428,אצבעות בוטנים ותירס מגיל 6+ חודשים (₪19.78 ל-),Super-Pharm,19.78,5.9,3.3525423728813557,3,Potential Pricing Error (Outlier)
3614272907652,ARMANI MY WAY א.ד.פ לאשה (₪670 ל-),Super-Pharm,670.0,201.0,3.3333333333333335,4,Potential Pricing Error (Outlier)
7290006788269,"PERFECT CARE סרום למיצוק העור 30 מ""ל",Super-Pharm,333.33,100.0,3.3333,3,Potential Pricing Error (Outlier)
3574661781211,HYDRO BOOST סרום לחות מוגברת (₪303.33 ל-),Super-Pharm,303.33,91.0,3.333296703296703,3,Potential Pricing Error (Outlier)
3574661780511,RETINOL BOOST סרום לילה מועשר (₪436.67 ל-),Super-Pharm,436.67,132.0,3.3081060606060606,4,Potential Pricing Error (Outlier)
7290347222156,שמן פלז'ר (₪669.67 ל-),Super-Pharm,669.67,203.0,3.2988669950738916,3,Potential Pricing Error (Outlier)
7290011910105,סרום פנים ועיניים (₪336.33 ל-),Super-Pharm,336.33,102.0,3.2973529411764706,3,Potential Pricing Error (Outlier)
7290018973028,שמן בוסטר אולטימטיבי (₪570 ל-),Super-Pharm,570.0,173.0,3.2947976878612715,3,Potential Pricing Error (Outlier)
7290014720503,סרום לפנים לכל סוגי העור. סדרת הזרעים (₪303 ל-),Super-Pharm,303.0,92.5,3.2756756756756755,3,Potential Pricing Error (Outlier)
4005900816108,דאודורנט רול און דריי אימפקט לגבר (₪43.80 ל-),Super-Pharm,43.8,13.45,3.2565055762081783,4,Potential Pricing Error (Outlier)
7290011618216,אורז אפויים לתינוק בטעם בננה (₪43.80 ל-),Super-Pharm,43.8,13.5,3.244444444444444,3,Potential Pricing Error (Outlier)
7290011618131,אורז אפויים לתינוק בטעם גזר (₪43.80 ל-),Super-Pharm,43.8,13.5,3.244444444444444,3,Potential Pricing Error (Outlier)
7290011618124,אורז אפויים לתינוק בטעם ירקות (₪43.80 ל-),Super-Pharm,43.8,13.5,3.244444444444444,3,Potential Pricing Error (Outlier)
7290011618025,אורז אפויים לתינוק בטעם טבעי (₪43.80 ל-),Super-Pharm,43.8,13.5,3.244444444444444,3,Potential Pricing Error (Outlier)
7509546061672,דאודורנט סטיק אקטסרים (₪57.80 ל-),Super-Pharm,57.8,17.9,3.229050279329609,3,Potential Pricing Error (Outlier)
5410091648176,רול און פינק (₪31.80 ל-),Super-Pharm,31.8,10.0,3.18,3,Potential Pricing Error (Outlier)
9000100760591,רול און לגבר אינוויזיבל פאוואר (‫₪31.80 ל-‬),Super-Pharm,31.8,10.0,3.18,3,Potential Pricing Error (Outlier)
4015000280211,רול און קאריביאן לימון לאישה 48 שעות (₪31.80 ל-),Super-Pharm,31.8,10.0,3.18,3,Potential Pricing Error (Outlier)
9000100806657,רול און ספורט אינויזיבל פאוור (₪31.80 ל-),Super-Pharm,31.8,10.0,3.18,3,Potential Pricing Error (Outlier)
4005900488459,דאודורנט רול און דריי פרש לאישה (₪43.80 ל-),Super-Pharm,43.8,13.95,3.139784946236559,4,Potential Pricing Error (Outlier)
8006540303603,משחת הצמדה לתותבות (₪149.75 ל-),Super-Pharm,149.75,47.9,3.126304801670146,3,Potential Pricing Error (Outlier)
7296168001833,אצבעוני גומי M,Be Pharm,1.9,1.9,1.0,1,Unreasonably Low Price for Category (בית מרקחת)
7296168001840,אצבעוני גומי L,Be Pharm,1.9,1.9,1.0,1,Unreasonably Low Price for Category (בית מרקחת)
