store_id,address,city,notes
7678835,אוסישקין 34,תל אביב,Found on BE Pharm website
7696681,רחוב זית שמן 3,אפרת,Found on BE Pharm website
7695467,,,Could not find an active BE Pharm store in Ariel; it may have closed.
7493106,יצחק בן צבי 10,באר שבע,Located in Azrieli HaNegev Mall
12398859,בלוך 33,גבעתיים,Found on BE Pharm website
12398862,דיזנגוף 50,תל אביב,Located in Dizengoff Center
7693109,דרך קדם 1,מעלה אדומים,Located in Ofer Adumim Mall
7444642,שדרות ירושלים 2,נתיבות,Located in Paris Mall
12398876,בני ברמן 2,נתניה,Located in Ir Yamim Mall
7505954,מתחם אלון עין שמר,קיבוץ עין שמר,Found on BE Pharm website
7694327,שדרות כרמי גת 52,קרית גת,Located in Karmei Gat neighborhood
12398878,שבזי 1,ראש העין,Located in Azrieli Mall
12633086,הרצל 65,ראשון לציון,Assumed 'ראשי' refers to the Rishon LeZion Central branch
7600463,דוד רזיאל 1,רמלה,Located in Neve Doron neighborhood
12398879,אבא הלל סילבר 301,רמת גן,Located in Ayalon Mall
16678063,,,Generic ID - no location info available
17100928,,,Generic ID - no location info available
7661630,,,Generic ID - no location info available
7687784,,,Generic ID - no location info available
7700040,,,Generic ID - no location info available
7708332,,,Generic ID - no location info available
17135780,,,Generic ID - no location info available
17135777,,,Generic ID - no location info available
17135779,,,Generic ID - no location info available
17135775,,,Generic ID - no location info available
17135774,,,Generic ID - no location info available
17135773,,,Generic ID - no location info available
17135772,,,Generic ID - no location info available
17135771,,,Generic ID - no location info available
11248421,,,Generic ID - no location info available
11248416,,,Generic ID - no location info available
11248420,,,Generic ID - no location info available
11248419,,,Generic ID - no location info available
11248418,,,Generic ID - no location info available
11248417,,,Generic ID - no location info available
17135752,,,Generic ID - no location info available
17135824,,,Generic ID - no location info available
17135800,,,Generic ID - no location info available
17135801,,,Generic ID - no location info available
17135802,,,Generic ID - no location info available
17135760,,,Generic ID - no location info available
17135761,,,Generic ID - no location info available
17135762,,,Generic ID - no location info available
17135763,,,Generic ID - no location info available
17135757,,,Generic ID - no location info available
17135758,,,Generic ID - no location info available
17135759,,,Generic ID - no location info available
17134781,,,Generic ID - no location info available
17135753,,,Generic ID - no location info available
17135754,,,Generic ID - no location info available
17135755,,,Generic ID - no location info available
17135756,,,Generic ID - no location info available
17135750,,,Generic ID - no location info available
17135751,,,Generic ID - no location info available
17135748,,,Generic ID - no location info available
17135825,,,Generic ID - no location info available
17135749,,,Generic ID - no location info available
17135826,,,Generic ID - no location info available
17135803,,,Generic ID - no location info available
17135741,,,Generic ID - no location info available
17135804,,,Generic ID - no location info available
17135805,,,Generic ID - no location info available
17135806,,,Generic ID - no location info available
17135807,,,Generic ID - no location info available
17135742,,,Generic ID - no location info available
17135808,,,Generic ID - no location info available
17135743,,,Generic ID - no location info available
17135744,,,Generic ID - no location info available
17135745,,,Generic ID - no location info available
17135809,,,Generic ID - no location info available
17135810,,,Generic ID - no location info available
17135811,,,Generic ID - no location info available
17135746,,,Generic ID - no location info available
17135812,,,Generic ID - no location info available
17135747,,,Generic ID - no location info available
17135813,,,Generic ID - no location info available
17135814,,,Generic ID - no location info available
17135815,,,Generic ID - no location info available
17135816,,,Generic ID - no location info available
17135817,,,Generic ID - no location info available
17135818,,,Generic ID - no location info available
17135819,,,Generic ID - no location info available
17135820,,,Generic ID - no location info available
17135821,,,Generic ID - no location info available
17135822,,,Generic ID - no location info available
17135823,,,Generic ID - no location info available
17135764,,,Generic ID - no location info available
17135765,,,Generic ID - no location info available
17135766,,,Generic ID - no location info available
17135767,,,Generic ID - no location info available
17135768,,,Generic ID - no location info available
17135769,,,Generic ID - no location info available
17135770,,,Generic ID - no location info available
17135776,,,Generic ID - no location info available
17135778,,,Generic ID - no location info available
17135781,,,Generic ID - no location info available
17135782,,,Generic ID - no location info available
17135783,,,Generic ID - no location info available
17135784,,,Generic ID - no location info available
17135785,,,Generic ID - no location info available
17135786,,,Generic ID - no location info available
17135787,,,Generic ID - no location info available
17135788,,,Generic ID - no location info available
17135789,,,Generic ID - no location info available
17135790,,,Generic ID - no location info available
17135791,,,Generic ID - no location info available
17135792,,,Generic ID - no location info available
17135793,,,Generic ID - no location info available
17135794,,,Generic ID - no location info available
17135795,,,Generic ID - no location info available
17135796,,,Generic ID - no location info available
17135797,,,Generic ID - no location info available
17135798,,,Generic ID - no location info available
17135799,,,Generic ID - no location info available
